[1773332920.974][INFO]: Starting ChromeDriver 146.0.7680.72 (cb10bb07c0a5dac19a421f7cbfd002146e74aaed-refs/branch-heads/7680_65@{#24}) on port 26492
[1773332920.974][INFO]: Please see https://chromedriver.chromium.org/security-considerations for suggestions on keeping ChromeDriver safe.
[1773332920.975][INFO]: ChromeDriver was started successfully on port 26492
[1773332921.008][INFO]: [1d88d04bd3bde031f168f5b63152518c] COMMAND InitSession {
   "capabilities": {
      "firstMatch": [ {
         "browserName": "chrome",
         "goog:chromeOptions": {
            "args": [ "--remote-allow-origins=*" ],
            "binary": "/Applications/Google Chrome.app/Contents/MacOS/Google Chrome",
            "extensions": [  ]
         },
         "goog:loggingPrefs": {
            "browser": "ALL",
            "driver": "ALL"
         }
      } ]
   }
}
[1773332921.009][INFO]: Populating Preferences file: {
   "alternate_error_pages": {
      "enabled": false
   },
   "autofill": {
      "enabled": false
   },
   "browser": {
      "check_default_browser": false
   },
   "distribution": {
      "import_bookmarks": false,
      "import_history": false,
      "import_search_engine": false,
      "make_chrome_default_for_user": false,
      "skip_first_run_ui": true
   },
   "dns_prefetching": {
      "enabled": false
   },
   "profile": {
      "content_settings": {
         "pattern_pairs": {
            "https://*,*": {
               "media-stream": {
                  "audio": "Default",
                  "video": "Default"
               }
            }
         }
      },
      "default_content_setting_values": {
         "geolocation": 1
      },
      "default_content_settings": {
         "geolocation": 1,
         "mouselock": 1,
         "notifications": 1,
         "popups": 1,
         "ppapi-broker": 1
      },
      "password_manager_enabled": false
   },
   "safebrowsing": {
      "enabled": false
   },
   "search": {
      "suggest_enabled": false
   },
   "translate": {
      "enabled": false
   }
}
[1773332921.009][INFO]: Populating Local State file: {
   "background_mode": {
      "enabled": false
   },
   "ssl": {
      "rev_checking": {
         "enabled": false
      }
   }
}
[1773332921.009][INFO]: ChromeDriver supports communication with Chrome via pipes. This is more reliable and more secure.
[1773332921.009][INFO]: Use the --remote-debugging-pipe Chrome switch instead of the default --remote-debugging-port to enable this communication mode.
[1773332921.009][INFO]: Launching chrome: /Applications/Google Chrome.app/Contents/MacOS/Google Chrome --allow-pre-commit-input --disable-background-networking --disable-background-timer-throttling --disable-backgrounding-occluded-windows --disable-client-side-phishing-detection --disable-default-apps --disable-features=IgnoreDuplicateNavs,Prewarm --disable-hang-monitor --disable-popup-blocking --disable-prompt-on-repost --disable-sync --enable-automation --enable-logging --log-level=0 --no-first-run --no-service-autorun --password-store=basic --remote-allow-origins=* --remote-debugging-port=0 --test-type=webdriver --use-mock-keychain --user-data-dir=/var/folders/sy/4n9gvjcj2nl7lhgsh4c4mwsw0000gn/T/org.chromium.Chromium.scoped_dir.PjWpNp data:,
[1773332921.541][INFO]: resolved localhost to ["::1","127.0.0.1"]
[1773332921.549][INFO]: [1d88d04bd3bde031f168f5b63152518c] RESPONSE InitSession {
   "capabilities": {
      "acceptInsecureCerts": false,
      "browserName": "chrome",
      "browserVersion": "146.0.7680.72",
      "chrome": {
         "chromedriverVersion": "146.0.7680.72 (cb10bb07c0a5dac19a421f7cbfd002146e74aaed-refs/branch-heads/7680_65@{#24})",
         "userDataDir": "/var/folders/sy/4n9gvjcj2nl7lhgsh4c4mwsw0000gn/T/org.chromium.Chromium.scoped_dir.PjWpNp"
      },
      "fedcm:accounts": true,
      "goog:chromeOptions": {
         "debuggerAddress": "localhost:52901"
      },
      "goog:processID": 24266,
      "networkConnectionEnabled": false,
      "pageLoadStrategy": "normal",
      "platformName": "mac",
      "proxy": {
      },
      "setWindowRect": true,
      "strictFileInteractability": false,
      "timeouts": {
         "implicit": 0,
         "pageLoad": 300000,
         "script": 30000
      },
      "unhandledPromptBehavior": "dismiss and notify",
      "webauthn:extension:credBlob": true,
      "webauthn:extension:largeBlob": true,
      "webauthn:extension:minPinLength": true,
      "webauthn:extension:prf": true,
      "~~~": "..."
   },
   "sessionId": "1d88d04bd3bde031f168f5b63152518c"
}
[1773332921.593][INFO]: [1d88d04bd3bde031f168f5b63152518c] COMMAND MaximizeWindow {
}
[1773332921.593][INFO]: Waiting for pending navigations...
[1773332921.596][INFO]: Done waiting for pending navigations. Status: ok
[1773332921.933][INFO]: Waiting for pending navigations...
[1773332921.933][INFO]: Done waiting for pending navigations. Status: ok
[1773332921.933][INFO]: [1d88d04bd3bde031f168f5b63152518c] RESPONSE MaximizeWindow {
   "height": 923,
   "width": 1470,
   "x": 0,
   "y": 33
}
[1773332921.936][INFO]: [1d88d04bd3bde031f168f5b63152518c] COMMAND SetTimeouts {
   "implicit": 10000
}
[1773332921.936][INFO]: [1d88d04bd3bde031f168f5b63152518c] RESPONSE SetTimeouts
[1773332921.941][INFO]: [1d88d04bd3bde031f168f5b63152518c] COMMAND Navigate {
   "url": "https://www.flipkart.com"
}
[1773332921.941][INFO]: Waiting for pending navigations...
[1773332921.941][INFO]: Done waiting for pending navigations. Status: ok
[1773332923.852][INFO]: Waiting for pending navigations...
[1773332931.122][INFO]: Done waiting for pending navigations. Status: ok
[1773332931.122][INFO]: [1d88d04bd3bde031f168f5b63152518c] RESPONSE Navigate
[1773332931.124][INFO]: [1d88d04bd3bde031f168f5b63152518c] COMMAND FindElement {
   "using": "xpath",
   "value": "//span[contains(text(),'✕')]"
}
[1773332931.124][INFO]: Waiting for pending navigations...
[1773332931.128][INFO]: Done waiting for pending navigations. Status: ok
[1773332931.224][INFO]: Waiting for pending navigations...
[1773332931.228][INFO]: Done waiting for pending navigations. Status: ok
[1773332931.228][INFO]: [1d88d04bd3bde031f168f5b63152518c] RESPONSE FindElement {
   "element-6066-11e4-a52e-4f735466cecf": "f.07D6AA562BB646E8E62464526E4E3A93.d.DBB46238A963C75A3E2CE0B12B844DF6.e.109"
}
[1773332931.233][INFO]: [1d88d04bd3bde031f168f5b63152518c] COMMAND ExecuteScript {
   "args": [ {
      "element-6066-11e4-a52e-4f735466cecf": "f.07D6AA562BB646E8E62464526E4E3A93.d.DBB46238A963C75A3E2CE0B12B844DF6.e.109"
   } ],
   "script": "/* isDisplayed */return (function(){return (function(){var g=this||self;\nfunction aa(a){var b=typeof a;if(\"object\"==b)if(a){if(a instanceof Array)return\"array\";if(a instanceof Object)return b;var c=Object.prototype.toString.call(a);if(\"[object Window]\"==c)return\"object\";if(\"[object Array]\"==c||\"number\"==typeof a.length&&\"undefined\"!=typeof a.splice&&\"undefined\"!=typeof a.propertyIsEnumerable&&!a.propertyIsEnumerable(\"splice\"))return\"array\";if(\"[object Function]\"==c||\"undefined\"!=typeof a.call&&\"undefined\"!=typeof a.propertyIsEnumerable&&!a.propertyIsEnumerable(\"call\"))return\"function\"}else return\"null\";else if(\"function\"==\nb&&\"undefined\"==typeof a.call)return\"object\";return b}function ca(a,b){function c(){}c.prototype=b.prototype;a.prototype=new c;a.prototype.constructor=a};var da=Array.prototype.indexOf?function(a,b){return Array.prototype.indexOf.call(a,b,void 0)}:function(a,b){if(\"string\"===typeof a)return\"string\"!==typeof b||1!=b.length?-1:a.indexOf(b,0);for(var c=0;c\u003Ca.length;c++)if(c in a&&a[c]===b)return c;return-1},ea=Array.prototype.some?function(a,b){return Array.prototype.some.call(a,b,void 0)}:function(a,b){for(var c=a.length,e=\"string\"===typeof a?a.split(\"\"):a,d=0;d\u003Cc;d++)if(d in e&&b.call(void 0,e[d],d,a))return!0;return!1},fa=Array.prototype.every?function(a,\nb){return Array.prototype.every.call(a,b,void 0)}:function(a,b){for(var c=a.length,e=\"string\"===typeof a?a.split(\"\"):a,d=0;d\u003Cc;d++)if(d in e&&!b.call(void 0,e[d],d,a))return!1;return!0};var ha={aliceblue:\"#f0f8ff\",antiquewhite:\"#faebd7\",aqua:\"#00ffff\",aquamarine:\"#7fffd4\",azure:\"#f0ffff\",beige:\"#f5f5dc\",bisque:\"#ffe4c4\",black:\"#000000\",blanchedalmond:\"#ffebcd\",blue:\"#0000ff\",blueviolet:\"#8a2be2\",brown:\"#a52a2a\",burlywood:\"#deb887\",cadetblue:\"#5f9ea0\",chartreuse:\"#7fff00\",chocolate:\"#d2691e\",coral:\"#ff7f50\",cornflowerblue:\"#6495ed\",cornsilk:\"#fff8dc\",crimson:\"#dc143c\",cyan:\"#00ffff\",darkblue:\"#00008b\",darkcyan:\"#008b8b\",darkgoldenrod:\"#b8860b\",darkgray:\"#a9a9a9\",darkgreen:\"#006400\",\ndarkgrey:\"#a9a9a9\",darkkhaki:\"#bdb76b\",darkmagenta:\"#8b008b\",darkolivegreen:\"#556b2f\",darkorange:\"#ff8c00\",darkorchid:\"#9932cc\",darkred:\"#8b0000\",darksalmon:\"#e9967a\",darkseagreen:\"#8fbc8f\",darkslateblue:\"#483d8b\",darkslategray:\"#2f4f4f\",darkslategrey:\"#2f4f4f\",darkturquoise:\"#00ced1\",darkviolet:\"#9400d3\",deeppink:\"#ff1493\",deepskyblue:\"#00bfff\",dimgray:\"#696969\",dimgrey:\"#696969\",dodgerblue:\"#1e90ff\",firebrick:\"#b22222\",floralwhite:\"#fffaf0\",forestgreen:\"#228b22\",fuchsia:\"#ff00ff\",gainsboro:\"#dcdcdc\",\nghostwhite:\"#f8f8ff\",gold:\"#ffd700\",goldenrod:\"#daa520\",gray:\"#808080\",green:\"#008000\",greenyellow:\"#adff2f\",grey:\"#808080\",honeydew:\"#f0fff0\",hotpink:\"#ff69b4\",indianred:\"#cd5c5c\",indigo:\"#4b0082\",ivory:\"#fffff0\",khaki:\"#f0e68c\",lavender:\"#e6e6fa\",lavenderblush:\"#fff0f5\",lawngreen:\"#7cfc00\",lemonchiffon:\"#fffacd\",lightblue:\"#add8e6\",lightcoral:\"#f08080\",lightcyan:\"#e0ffff\",lightgoldenrodyellow:\"#fafad2\",lightgray:\"#d3d3d3\",lightgreen:\"#90ee90\",lightgrey:\"#d3d3d3\",lightpink:\"#ffb6c1\",lightsalmon:\"#ffa07a\",\nlightseagreen:\"#20b2aa\",lightskyblue:\"#87cefa\",lightslategray:\"#778899\",lightslategrey:\"#778899\",lightsteelblue:\"#b0c4de\",lightyellow:\"#ffffe0\",lime:\"#00ff00\",limegreen:\"#32cd32\",linen:\"#faf0e6\",magenta:\"#ff00ff\",maroon:\"#800000\",mediumaquamarine:\"#66cdaa\",mediumblue:\"#0000cd\",mediumorchid:\"#ba55d3\",mediumpurple:\"#9370db\",mediumseagreen:\"#3cb371\",mediumslateblue:\"#7b68ee\",mediumspringgreen:\"#00fa9a\",mediumturquoise:\"#48d1cc\",mediumvioletred:\"#c71585\",midnightblue:\"#191970\",mintcream:\"#f5fffa\",mistyrose:\"#ffe4e1\",\nmoccasin:\"#ffe4b5\",navajowhite:\"#ffdead\",navy:\"#000080\",oldlace:\"#fdf5e6\",olive:\"#808000\",olivedrab:\"#6b8e23\",orange:\"#ffa500\",orangered:\"#ff4500\",orchid:\"#da70d6\",palegoldenrod:\"#eee8aa\",palegreen:\"#98fb98\",paleturquoise:\"#afeeee\",palevioletred:\"#db7093\",papayawhip:\"#ffefd5\",peachpuff:\"#ffdab9\",peru:\"#cd853f\",pink:\"#ffc0cb\",plum:\"#dda0dd\",powderblue:\"#b0e0e6\",purple:\"#800080\",red:\"#ff0000\",rosybrown:\"#bc8f8f\",royalblue:\"#4169e1\",saddlebrown:\"#8b4513\",salmon:\"#fa8072\",sandybrown:\"#f4a460\",seagreen:\"#2e8b57\",\nseashell:\"#fff5ee\",sienna:\"#a0522d\",silver:\"#c0c0c0\",skyblue:\"#87ceeb\",slateblue:\"#6a5acd\",slategray:\"#708090\",slategrey:\"#708090\",snow:\"#fffafa\",springgreen:\"#00ff7f\",steelblue:\"#4682b4\",tan:\"#d2b48c\",teal:\"#008080\",thistle:\"#d8bfd8\",tomato:\"#ff6347\",turquoise:\"#40e0d0\",violet:\"#ee82ee\",wheat:\"#f5deb3\",white:\"#ffffff\",whitesmoke:\"#f5f5f5\",yellow:\"#ffff00\",yellowgreen:\"#9acd32\"};var ia=\"backgroundColor borderTopColor borderRightColor borderBottomColor borderLeftColor color outlineColor\".split(\" \"),ja=/#([0-9a-fA-F])([0-9a-fA-F])([0-9a-fA-F])/,ka=/^#(?:[0-9a-f]{3}){1,2}$/i,la=/^(?:rgba)?\\((\\d{1,3}),\\s?(\\d{1,3}),\\s?(\\d{1,3}),\\s?(0|1|0\\.\\d*)\\)$/i,ma=/^(?:rgb)?\\((0|[1-9]\\d{0,2}),\\s?(0|[1-9]\\d{0,2}),\\s?(0|[1-9]\\d{0,2})\\)$/i;function m(a,b){this.code=a;this.a=p[a]||r;this.message=b||\"\";a=this.a.replace(/((?:^|\\s+)[a-z])/g,function(c){return c.toUpperCase().replace(/^[\\s\\xa0]+/g,\"\")});b=a.length-5;if(0>b||a.indexOf(\"Error\",b)!=b)a+=\"Error\";this.name=a;a=Error(this.message);a.name=this.name;this.stack=a.stack||\"\"}ca(m,Error);var r=\"unknown error\",p={15:\"element not selectable\",11:\"element not visible\"};p[31]=r;p[30]=r;p[24]=\"invalid cookie domain\";p[29]=\"invalid element coordinates\";p[12]=\"invalid element state\";\np[32]=\"invalid selector\";p[51]=\"invalid selector\";p[52]=\"invalid selector\";p[17]=\"javascript error\";p[405]=\"unsupported operation\";p[34]=\"move target out of bounds\";p[27]=\"no such alert\";p[7]=\"no such element\";p[8]=\"no such frame\";p[23]=\"no such window\";p[28]=\"script timeout\";p[33]=\"session not created\";p[10]=\"stale element reference\";p[21]=\"timeout\";p[25]=\"unable to set cookie\";p[26]=\"unexpected alert open\";p[13]=r;p[9]=\"unknown command\";var u=String.prototype.trim?function(a){return a.trim()}:function(a){return/^[\\s\\xa0]*([\\s\\S]*?)[\\s\\xa0]*$/.exec(a)[1]};\nfunction na(a,b){var c=0;a=u(String(a)).split(\".\");b=u(String(b)).split(\".\");for(var e=Math.max(a.length,b.length),d=0;0==c&&d\u003Ce;d++){var f=a[d]||\"\",h=b[d]||\"\";do{f=/(\\d*)(\\D*)(.*)/.exec(f)||[\"\",\"\",\"\",\"\"];h=/(\\d*)(\\D*)(.*)/.exec(h)||[\"\",\"\",\"\",\"\"];if(0==f[0].length&&0==h[0].length)break;c=v(0==f[1].length?0:parseInt(f[1],10),0==h[1].length?0:parseInt(h[1],10))||v(0==f[2].length,0==h[2].length)||v(f[2],h[2]);f=f[3];h=h[3]}while(0==c)}return c}function v(a,b){return a\u003Cb?-1:a>b?1:0};var w;a:{var oa=g.navigator;if(oa){var sa=oa.userAgent;if(sa){w=sa;break a}}w=\"\"}function x(a){return-1!=w.indexOf(a)};function y(){return x(\"Firefox\")||x(\"FxiOS\")}function A(){return(x(\"Chrome\")||x(\"CriOS\"))&&!x(\"Edge\")};function ta(a){return String(a).replace(/\\-([a-z])/g,function(b,c){return c.toUpperCase()})};function B(){return x(\"iPhone\")&&!x(\"iPod\")&&!x(\"iPad\")};function ua(a,b){var c=va;return Object.prototype.hasOwnProperty.call(c,a)?c[a]:c[a]=b(a)};var wa=x(\"Opera\"),C=x(\"Trident\")||x(\"MSIE\"),xa=x(\"Edge\"),ya=x(\"Gecko\")&&!(-1!=w.toLowerCase().indexOf(\"webkit\")&&!x(\"Edge\"))&&!(x(\"Trident\")||x(\"MSIE\"))&&!x(\"Edge\"),za=-1!=w.toLowerCase().indexOf(\"webkit\")&&!x(\"Edge\");function Aa(){var a=g.document;return a?a.documentMode:void 0}var E;\na:{var F=\"\",G=function(){var a=w;if(ya)return/rv:([^\\);]+)(\\)|;)/.exec(a);if(xa)return/Edge\\/([\\d\\.]+)/.exec(a);if(C)return/\\b(?:MSIE|rv)[: ]([^\\);]+)(\\)|;)/.exec(a);if(za)return/WebKit\\/(\\S+)/.exec(a);if(wa)return/(?:Version)[ \\/]?(\\S+)/.exec(a)}();G&&(F=G?G[1]:\"\");if(C){var H=Aa();if(null!=H&&H>parseFloat(F)){E=String(H);break a}}E=F}var va={};function Ba(a){return ua(a,function(){return 0\u003C=na(E,a)})}var I;I=g.document&&C?Aa():void 0;var Ca=y(),Da=B()||x(\"iPod\"),Ea=x(\"iPad\"),Fa=x(\"Android\")&&!(A()||y()||x(\"Opera\")||x(\"Silk\")),Ga=A(),Ha=x(\"Safari\")&&!(A()||x(\"Coast\")||x(\"Opera\")||x(\"Edge\")||x(\"Edg/\")||x(\"OPR\")||y()||x(\"Silk\")||x(\"Android\"))&&!(B()||x(\"iPad\")||x(\"iPod\"));function J(a){return(a=a.exec(w))?a[1]:\"\"}(function(){if(Ca)return J(/Firefox\\/([0-9.]+)/);if(C||xa||wa)return E;if(Ga)return B()||x(\"iPad\")||x(\"iPod\")?J(/CriOS\\/([0-9.]+)/):J(/Chrome\\/([0-9.]+)/);if(Ha&&!(B()||x(\"iPad\")||x(\"iPod\")))return J(/Version\\/([0-9.]+)/);if(Da||Ea){var a=/Version\\/(\\S+).*Mobile\\/(\\S+)/.exec(w);if(a)return a[1]+\".\"+a[2]}else if(Fa)return(a=J(/Android\\s+([0-9.]+)/))?a:J(/Version\\/([0-9.]+)/);return\"\"})();var K;if(K=C)K=!(9\u003C=Number(I));var Ia=K;function L(a,b){this.x=void 0!==a?a:0;this.y=void 0!==b?b:0}L.prototype.ceil=function(){this.x=Math.ceil(this.x);this.y=Math.ceil(this.y);return this};L.prototype.floor=function(){this.x=Math.floor(this.x);this.y=Math.floor(this.y);return this};L.prototype.round=function(){this.x=Math.round(this.x);this.y=Math.round(this.y);return this};function M(a,b){this.width=a;this.height=b}M.prototype.aspectRatio=function(){return this.width/this.height};M.prototype.ceil=function(){this.width=Math.ceil(this.width);this.height=Math.ceil(this.height);return this};M.prototype.floor=function(){this.width=Math.floor(this.width);this.height=Math.floor(this.height);return this};M.prototype.round=function(){this.width=Math.round(this.width);this.height=Math.round(this.height);return this};function N(a){return 9==a.nodeType?a:a.ownerDocument||a.document}function Ja(a,b){a&&(a=a.parentNode);for(var c=0;a;){if(b(a))return a;a=a.parentNode;c++}return null}function Ka(a){this.a=a||g.document||document};function P(a,b){b&&\"string\"!==typeof b&&(b=b.toString());return!!a&&1==a.nodeType&&(!b||a.tagName.toUpperCase()==b)};function Q(a,b,c,e){this.f=a;this.a=b;this.b=c;this.c=e}Q.prototype.ceil=function(){this.f=Math.ceil(this.f);this.a=Math.ceil(this.a);this.b=Math.ceil(this.b);this.c=Math.ceil(this.c);return this};Q.prototype.floor=function(){this.f=Math.floor(this.f);this.a=Math.floor(this.a);this.b=Math.floor(this.b);this.c=Math.floor(this.c);return this};Q.prototype.round=function(){this.f=Math.round(this.f);this.a=Math.round(this.a);this.b=Math.round(this.b);this.c=Math.round(this.c);return this};function R(a,b,c,e){this.a=a;this.b=b;this.width=c;this.height=e}R.prototype.ceil=function(){this.a=Math.ceil(this.a);this.b=Math.ceil(this.b);this.width=Math.ceil(this.width);this.height=Math.ceil(this.height);return this};R.prototype.floor=function(){this.a=Math.floor(this.a);this.b=Math.floor(this.b);this.width=Math.floor(this.width);this.height=Math.floor(this.height);return this};\nR.prototype.round=function(){this.a=Math.round(this.a);this.b=Math.round(this.b);this.width=Math.round(this.width);this.height=Math.round(this.height);return this};var La=\"function\"===typeof ShadowRoot;function S(a){for(a=a.parentNode;a&&1!=a.nodeType&&9!=a.nodeType&&11!=a.nodeType;)a=a.parentNode;return P(a)?a:null}\nfunction T(a,b){b=ta(b);if(\"float\"==b||\"cssFloat\"==b||\"styleFloat\"==b)b=Ia?\"styleFloat\":\"cssFloat\";a:{var c=b;var e=N(a);if(e.defaultView&&e.defaultView.getComputedStyle&&(e=e.defaultView.getComputedStyle(a,null))){c=e[c]||e.getPropertyValue(c)||\"\";break a}c=\"\"}a=c||Ma(a,b);if(null===a)a=null;else if(0\u003C=da(ia,b)){b:{var d=a.match(la);if(d&&(b=Number(d[1]),c=Number(d[2]),e=Number(d[3]),d=Number(d[4]),0\u003C=b&&255>=b&&0\u003C=c&&255>=c&&0\u003C=e&&255>=e&&0\u003C=d&&1>=d)){b=[b,c,e,d];break b}b=null}if(!b)b:{if(e=a.match(ma))if(b=\nNumber(e[1]),c=Number(e[2]),e=Number(e[3]),0\u003C=b&&255>=b&&0\u003C=c&&255>=c&&0\u003C=e&&255>=e){b=[b,c,e,1];break b}b=null}if(!b)b:{b=a.toLowerCase();c=ha[b.toLowerCase()];if(!c&&(c=\"#\"==b.charAt(0)?b:\"#\"+b,4==c.length&&(c=c.replace(ja,\"#$1$1$2$2$3$3\")),!ka.test(c))){b=null;break b}b=[parseInt(c.substr(1,2),16),parseInt(c.substr(3,2),16),parseInt(c.substr(5,2),16),1]}a=b?\"rgba(\"+b.join(\", \")+\")\":a}return a}\nfunction Ma(a,b){var c=a.currentStyle||a.style,e=c[b];void 0===e&&\"function\"==aa(c.getPropertyValue)&&(e=c.getPropertyValue(b));return\"inherit\"!=e?void 0!==e?e:null:(a=S(a))?Ma(a,b):null}\nfunction U(a,b,c){function e(h){var n=V(h);return 0\u003Cn.height&&0\u003Cn.width?!0:P(h,\"PATH\")&&(0\u003Cn.height||0\u003Cn.width)?(h=T(h,\"stroke-width\"),!!h&&0\u003CparseInt(h,10)):\"hidden\"!=T(h,\"overflow\")&&ea(h.childNodes,function(D){return 3==D.nodeType||P(D)&&e(D)})}function d(h){return Na(h)==W&&fa(h.childNodes,function(n){return!P(n)||d(n)||!e(n)})}if(!P(a))throw Error(\"Argument to isShown must be of type Element\");if(P(a,\"BODY\"))return!0;if(P(a,\"OPTION\")||P(a,\"OPTGROUP\"))return a=Ja(a,function(h){return P(h,\"SELECT\")}),\n!!a&&U(a,!0,c);var f=Oa(a);if(f)return!!f.image&&0\u003Cf.rect.width&&0\u003Cf.rect.height&&U(f.image,b,c);if(P(a,\"INPUT\")&&\"hidden\"==a.type.toLowerCase()||P(a,\"NOSCRIPT\"))return!1;f=T(a,\"visibility\");return\"collapse\"!=f&&\"hidden\"!=f&&c(a)&&(b||0!=Pa(a))&&e(a)?!d(a):!1}var W=\"hidden\";\nfunction Na(a){function b(k){function l(ba){if(ba==h)return!0;var pa=T(ba,\"display\");return 0==pa.lastIndexOf(\"inline\",0)||\"contents\"==pa||\"absolute\"==qa&&\"static\"==T(ba,\"position\")?!1:!0}var qa=T(k,\"position\");if(\"fixed\"==qa)return ra=!0,k==h?null:h;for(k=S(k);k&&!l(k);)k=S(k);return k}function c(k){var l=k;if(\"visible\"==D)if(k==h&&n)l=n;else if(k==n)return{x:\"visible\",y:\"visible\"};l={x:T(l,\"overflow-x\"),y:T(l,\"overflow-y\")};k==h&&(l.x=\"visible\"==l.x?\"auto\":l.x,l.y=\"visible\"==l.y?\"auto\":l.y);return l}\nfunction e(k){if(k==h){var l=(new Ka(f)).a;k=l.scrollingElement?l.scrollingElement:za||\"CSS1Compat\"!=l.compatMode?l.body||l.documentElement:l.documentElement;l=l.parentWindow||l.defaultView;k=C&&Ba(\"10\")&&l.pageYOffset!=k.scrollTop?new L(k.scrollLeft,k.scrollTop):new L(l.pageXOffset||k.scrollLeft,l.pageYOffset||k.scrollTop)}else k=new L(k.scrollLeft,k.scrollTop);return k}var d=Qa(a),f=N(a),h=f.documentElement,n=f.body,D=T(h,\"overflow\"),ra;for(a=b(a);a;a=b(a)){var q=c(a);if(\"visible\"!=q.x||\"visible\"!=\nq.y){var t=V(a);if(0==t.width||0==t.height)return W;var z=d.a\u003Ct.a,O=d.b\u003Ct.b;if(z&&\"hidden\"==q.x||O&&\"hidden\"==q.y)return W;if(z&&\"visible\"!=q.x||O&&\"visible\"!=q.y){z=e(a);O=d.b\u003Ct.b-z.y;if(d.a\u003Ct.a-z.x&&\"visible\"!=q.x||O&&\"visible\"!=q.x)return W;d=Na(a);return d==W?W:\"scroll\"}z=d.c>=t.a+t.width;t=d.f>=t.b+t.height;if(z&&\"hidden\"==q.x||t&&\"hidden\"==q.y)return W;if(z&&\"visible\"!=q.x||t&&\"visible\"!=q.y){if(ra&&(q=e(a),d.c>=h.scrollWidth-q.x||d.a>=h.scrollHeight-q.y))return W;d=Na(a);return d==W?W:\"scroll\"}}}return\"none\"}\nfunction V(a){var b=Oa(a);if(b)return b.rect;if(P(a,\"HTML\"))return a=N(a),a=((a?a.parentWindow||a.defaultView:window)||window).document,a=\"CSS1Compat\"==a.compatMode?a.documentElement:a.body,a=new M(a.clientWidth,a.clientHeight),new R(0,0,a.width,a.height);try{var c=a.getBoundingClientRect()}catch(e){return new R(0,0,0,0)}b=new R(c.left,c.top,c.right-c.left,c.bottom-c.top);C&&a.ownerDocument.body&&(a=N(a),b.a-=a.documentElement.clientLeft+a.body.clientLeft,b.b-=a.documentElement.clientTop+a.body.clientTop);\nreturn b}\nfunction Oa(a){var b=P(a,\"MAP\");if(!b&&!P(a,\"AREA\"))return null;var c=b?a:P(a.parentNode,\"MAP\")?a.parentNode:null,e=null,d=null;if(c&&c.name){e='*[usemap=\"#'+c.name+'\"]';c=N(c);var f;if(f=\"function\"!=aa(c.querySelector)&&C&&(C?0\u003C=na(I,8):Ba(8))){f=c.querySelector;var h=typeof f;f=!(\"object\"==h&&null!=f||\"function\"==h)}if(f)throw Error(\"CSS selection is not supported\");if(!e)throw new m(32,\"No selector specified\");e=u(e);try{var n=c.querySelector(e)}catch(D){throw new m(32,\"An invalid or illegal selector was specified\");}if(e=\nn&&1==n.nodeType?n:null)d=V(e),b||\"default\"==a.shape.toLowerCase()||(a=Ra(a),b=Math.min(Math.max(a.a,0),d.width),n=Math.min(Math.max(a.b,0),d.height),d=new R(b+d.a,n+d.b,Math.min(a.width,d.width-b),Math.min(a.height,d.height-n)))}return{image:e,rect:d||new R(0,0,0,0)}}\nfunction Ra(a){var b=a.shape.toLowerCase();a=a.coords.split(\",\");if(\"rect\"==b&&4==a.length){b=a[0];var c=a[1];return new R(b,c,a[2]-b,a[3]-c)}if(\"circle\"==b&&3==a.length)return b=a[2],new R(a[0]-b,a[1]-b,2*b,2*b);if(\"poly\"==b&&2\u003Ca.length){b=a[0];c=a[1];for(var e=b,d=c,f=2;f+1\u003Ca.length;f+=2)b=Math.min(b,a[f]),e=Math.max(e,a[f]),c=Math.min(c,a[f+1]),d=Math.max(d,a[f+1]);return new R(b,c,e-b,d-c)}return new R(0,0,0,0)}function Qa(a){a=V(a);return new Q(a.b,a.a+a.width,a.b+a.height,a.a)}\nfunction Pa(a){if(Ia){if(\"relative\"==T(a,\"position\"))return 1;a=T(a,\"filter\");return(a=a.match(/^alpha\\(opacity=(\\d*)\\)/)||a.match(/^progid:DXImageTransform.Microsoft.Alpha\\(Opacity=(\\d*)\\)/))?Number(a[1])/100:1}return Sa(a)}function Sa(a){var b=1,c=T(a,\"opacity\");c&&(b=Number(c));(a=S(a))&&(b*=Sa(a));return b};function Ta(a,b){function c(e){if(P(e)&&\"none\"==T(e,\"display\"))return!1;var d;if((d=e.parentNode)&&d.shadowRoot&&void 0!==e.assignedSlot)d=e.assignedSlot?e.assignedSlot.parentNode:null;else if(e.getDestinationInsertionPoints){var f=e.getDestinationInsertionPoints();0\u003Cf.length&&(d=f[f.length-1])}if(La&&d instanceof ShadowRoot){if(d.host.shadowRoot&&d.host.shadowRoot!==d)return!1;d=d.host}return!d||9!=d.nodeType&&11!=d.nodeType?d&&P(d,\"DETAILS\")&&!d.open&&!P(e,\"SUMMARY\")?!1:!!d&&c(d):!0}return U(a,\n!!b,c)}var X=[\"_\"],Y=g;X[0]in Y||\"undefined\"==typeof Y.execScript||Y.execScript(\"var \"+X[0]);for(var Z;X.length&&(Z=X.shift());)X.length||void 0===Ta?Y[Z]&&Y[Z]!==Object.prototype[Z]?Y=Y[Z]:Y=Y[Z]={}:Y[Z]=Ta;; return this._.apply(null,arguments);}).apply({navigator:typeof window!='undefined'?window.navigator:null,document:typeof window!='undefined'?window.document:null}, arguments);}\n).apply(null, arguments);"
}
[1773332931.233][INFO]: Waiting for pending navigations...
[1773332931.233][INFO]: Done waiting for pending navigations. Status: ok
[1773332931.237][INFO]: Waiting for pending navigations...
[1773332931.237][INFO]: Done waiting for pending navigations. Status: ok
[1773332931.237][INFO]: [1d88d04bd3bde031f168f5b63152518c] RESPONSE ExecuteScript true
[1773332931.238][INFO]: [1d88d04bd3bde031f168f5b63152518c] COMMAND IsElementEnabled {
   "id": "f.07D6AA562BB646E8E62464526E4E3A93.d.DBB46238A963C75A3E2CE0B12B844DF6.e.109"
}
[1773332931.238][INFO]: Waiting for pending navigations...
[1773332931.238][INFO]: Done waiting for pending navigations. Status: ok
[1773332931.242][INFO]: Waiting for pending navigations...
[1773332931.242][INFO]: Done waiting for pending navigations. Status: ok
[1773332931.242][INFO]: [1d88d04bd3bde031f168f5b63152518c] RESPONSE IsElementEnabled true
[1773332931.243][INFO]: [1d88d04bd3bde031f168f5b63152518c] COMMAND ClickElement {
   "id": "f.07D6AA562BB646E8E62464526E4E3A93.d.DBB46238A963C75A3E2CE0B12B844DF6.e.109"
}
[1773332931.243][INFO]: Waiting for pending navigations...
[1773332931.243][INFO]: Done waiting for pending navigations. Status: ok
[1773332931.272][INFO]: Waiting for pending navigations...
[1773332931.281][INFO]: Done waiting for pending navigations. Status: ok
[1773332931.281][INFO]: [1d88d04bd3bde031f168f5b63152518c] RESPONSE ClickElement
[1773332931.283][INFO]: [1d88d04bd3bde031f168f5b63152518c] COMMAND FindElement {
   "using": "css selector",
   "value": "*[name='q']"
}
[1773332931.283][INFO]: Waiting for pending navigations...
[1773332931.283][INFO]: Done waiting for pending navigations. Status: ok
[1773332931.287][INFO]: Waiting for pending navigations...
[1773332931.288][INFO]: Done waiting for pending navigations. Status: ok
[1773332931.288][INFO]: [1d88d04bd3bde031f168f5b63152518c] RESPONSE FindElement {
   "element-6066-11e4-a52e-4f735466cecf": "f.07D6AA562BB646E8E62464526E4E3A93.d.DBB46238A963C75A3E2CE0B12B844DF6.e.104"
}
[1773332931.290][INFO]: [1d88d04bd3bde031f168f5b63152518c] COMMAND ExecuteScript {
   "args": [ {
      "element-6066-11e4-a52e-4f735466cecf": "f.07D6AA562BB646E8E62464526E4E3A93.d.DBB46238A963C75A3E2CE0B12B844DF6.e.104"
   } ],
   "script": "/* isDisplayed */return (function(){return (function(){var g=this||self;\nfunction aa(a){var b=typeof a;if(\"object\"==b)if(a){if(a instanceof Array)return\"array\";if(a instanceof Object)return b;var c=Object.prototype.toString.call(a);if(\"[object Window]\"==c)return\"object\";if(\"[object Array]\"==c||\"number\"==typeof a.length&&\"undefined\"!=typeof a.splice&&\"undefined\"!=typeof a.propertyIsEnumerable&&!a.propertyIsEnumerable(\"splice\"))return\"array\";if(\"[object Function]\"==c||\"undefined\"!=typeof a.call&&\"undefined\"!=typeof a.propertyIsEnumerable&&!a.propertyIsEnumerable(\"call\"))return\"function\"}else return\"null\";else if(\"function\"==\nb&&\"undefined\"==typeof a.call)return\"object\";return b}function ca(a,b){function c(){}c.prototype=b.prototype;a.prototype=new c;a.prototype.constructor=a};var da=Array.prototype.indexOf?function(a,b){return Array.prototype.indexOf.call(a,b,void 0)}:function(a,b){if(\"string\"===typeof a)return\"string\"!==typeof b||1!=b.length?-1:a.indexOf(b,0);for(var c=0;c\u003Ca.length;c++)if(c in a&&a[c]===b)return c;return-1},ea=Array.prototype.some?function(a,b){return Array.prototype.some.call(a,b,void 0)}:function(a,b){for(var c=a.length,e=\"string\"===typeof a?a.split(\"\"):a,d=0;d\u003Cc;d++)if(d in e&&b.call(void 0,e[d],d,a))return!0;return!1},fa=Array.prototype.every?function(a,\nb){return Array.prototype.every.call(a,b,void 0)}:function(a,b){for(var c=a.length,e=\"string\"===typeof a?a.split(\"\"):a,d=0;d\u003Cc;d++)if(d in e&&!b.call(void 0,e[d],d,a))return!1;return!0};var ha={aliceblue:\"#f0f8ff\",antiquewhite:\"#faebd7\",aqua:\"#00ffff\",aquamarine:\"#7fffd4\",azure:\"#f0ffff\",beige:\"#f5f5dc\",bisque:\"#ffe4c4\",black:\"#000000\",blanchedalmond:\"#ffebcd\",blue:\"#0000ff\",blueviolet:\"#8a2be2\",brown:\"#a52a2a\",burlywood:\"#deb887\",cadetblue:\"#5f9ea0\",chartreuse:\"#7fff00\",chocolate:\"#d2691e\",coral:\"#ff7f50\",cornflowerblue:\"#6495ed\",cornsilk:\"#fff8dc\",crimson:\"#dc143c\",cyan:\"#00ffff\",darkblue:\"#00008b\",darkcyan:\"#008b8b\",darkgoldenrod:\"#b8860b\",darkgray:\"#a9a9a9\",darkgreen:\"#006400\",\ndarkgrey:\"#a9a9a9\",darkkhaki:\"#bdb76b\",darkmagenta:\"#8b008b\",darkolivegreen:\"#556b2f\",darkorange:\"#ff8c00\",darkorchid:\"#9932cc\",darkred:\"#8b0000\",darksalmon:\"#e9967a\",darkseagreen:\"#8fbc8f\",darkslateblue:\"#483d8b\",darkslategray:\"#2f4f4f\",darkslategrey:\"#2f4f4f\",darkturquoise:\"#00ced1\",darkviolet:\"#9400d3\",deeppink:\"#ff1493\",deepskyblue:\"#00bfff\",dimgray:\"#696969\",dimgrey:\"#696969\",dodgerblue:\"#1e90ff\",firebrick:\"#b22222\",floralwhite:\"#fffaf0\",forestgreen:\"#228b22\",fuchsia:\"#ff00ff\",gainsboro:\"#dcdcdc\",\nghostwhite:\"#f8f8ff\",gold:\"#ffd700\",goldenrod:\"#daa520\",gray:\"#808080\",green:\"#008000\",greenyellow:\"#adff2f\",grey:\"#808080\",honeydew:\"#f0fff0\",hotpink:\"#ff69b4\",indianred:\"#cd5c5c\",indigo:\"#4b0082\",ivory:\"#fffff0\",khaki:\"#f0e68c\",lavender:\"#e6e6fa\",lavenderblush:\"#fff0f5\",lawngreen:\"#7cfc00\",lemonchiffon:\"#fffacd\",lightblue:\"#add8e6\",lightcoral:\"#f08080\",lightcyan:\"#e0ffff\",lightgoldenrodyellow:\"#fafad2\",lightgray:\"#d3d3d3\",lightgreen:\"#90ee90\",lightgrey:\"#d3d3d3\",lightpink:\"#ffb6c1\",lightsalmon:\"#ffa07a\",\nlightseagreen:\"#20b2aa\",lightskyblue:\"#87cefa\",lightslategray:\"#778899\",lightslategrey:\"#778899\",lightsteelblue:\"#b0c4de\",lightyellow:\"#ffffe0\",lime:\"#00ff00\",limegreen:\"#32cd32\",linen:\"#faf0e6\",magenta:\"#ff00ff\",maroon:\"#800000\",mediumaquamarine:\"#66cdaa\",mediumblue:\"#0000cd\",mediumorchid:\"#ba55d3\",mediumpurple:\"#9370db\",mediumseagreen:\"#3cb371\",mediumslateblue:\"#7b68ee\",mediumspringgreen:\"#00fa9a\",mediumturquoise:\"#48d1cc\",mediumvioletred:\"#c71585\",midnightblue:\"#191970\",mintcream:\"#f5fffa\",mistyrose:\"#ffe4e1\",\nmoccasin:\"#ffe4b5\",navajowhite:\"#ffdead\",navy:\"#000080\",oldlace:\"#fdf5e6\",olive:\"#808000\",olivedrab:\"#6b8e23\",orange:\"#ffa500\",orangered:\"#ff4500\",orchid:\"#da70d6\",palegoldenrod:\"#eee8aa\",palegreen:\"#98fb98\",paleturquoise:\"#afeeee\",palevioletred:\"#db7093\",papayawhip:\"#ffefd5\",peachpuff:\"#ffdab9\",peru:\"#cd853f\",pink:\"#ffc0cb\",plum:\"#dda0dd\",powderblue:\"#b0e0e6\",purple:\"#800080\",red:\"#ff0000\",rosybrown:\"#bc8f8f\",royalblue:\"#4169e1\",saddlebrown:\"#8b4513\",salmon:\"#fa8072\",sandybrown:\"#f4a460\",seagreen:\"#2e8b57\",\nseashell:\"#fff5ee\",sienna:\"#a0522d\",silver:\"#c0c0c0\",skyblue:\"#87ceeb\",slateblue:\"#6a5acd\",slategray:\"#708090\",slategrey:\"#708090\",snow:\"#fffafa\",springgreen:\"#00ff7f\",steelblue:\"#4682b4\",tan:\"#d2b48c\",teal:\"#008080\",thistle:\"#d8bfd8\",tomato:\"#ff6347\",turquoise:\"#40e0d0\",violet:\"#ee82ee\",wheat:\"#f5deb3\",white:\"#ffffff\",whitesmoke:\"#f5f5f5\",yellow:\"#ffff00\",yellowgreen:\"#9acd32\"};var ia=\"backgroundColor borderTopColor borderRightColor borderBottomColor borderLeftColor color outlineColor\".split(\" \"),ja=/#([0-9a-fA-F])([0-9a-fA-F])([0-9a-fA-F])/,ka=/^#(?:[0-9a-f]{3}){1,2}$/i,la=/^(?:rgba)?\\((\\d{1,3}),\\s?(\\d{1,3}),\\s?(\\d{1,3}),\\s?(0|1|0\\.\\d*)\\)$/i,ma=/^(?:rgb)?\\((0|[1-9]\\d{0,2}),\\s?(0|[1-9]\\d{0,2}),\\s?(0|[1-9]\\d{0,2})\\)$/i;function m(a,b){this.code=a;this.a=p[a]||r;this.message=b||\"\";a=this.a.replace(/((?:^|\\s+)[a-z])/g,function(c){return c.toUpperCase().replace(/^[\\s\\xa0]+/g,\"\")});b=a.length-5;if(0>b||a.indexOf(\"Error\",b)!=b)a+=\"Error\";this.name=a;a=Error(this.message);a.name=this.name;this.stack=a.stack||\"\"}ca(m,Error);var r=\"unknown error\",p={15:\"element not selectable\",11:\"element not visible\"};p[31]=r;p[30]=r;p[24]=\"invalid cookie domain\";p[29]=\"invalid element coordinates\";p[12]=\"invalid element state\";\np[32]=\"invalid selector\";p[51]=\"invalid selector\";p[52]=\"invalid selector\";p[17]=\"javascript error\";p[405]=\"unsupported operation\";p[34]=\"move target out of bounds\";p[27]=\"no such alert\";p[7]=\"no such element\";p[8]=\"no such frame\";p[23]=\"no such window\";p[28]=\"script timeout\";p[33]=\"session not created\";p[10]=\"stale element reference\";p[21]=\"timeout\";p[25]=\"unable to set cookie\";p[26]=\"unexpected alert open\";p[13]=r;p[9]=\"unknown command\";var u=String.prototype.trim?function(a){return a.trim()}:function(a){return/^[\\s\\xa0]*([\\s\\S]*?)[\\s\\xa0]*$/.exec(a)[1]};\nfunction na(a,b){var c=0;a=u(String(a)).split(\".\");b=u(String(b)).split(\".\");for(var e=Math.max(a.length,b.length),d=0;0==c&&d\u003Ce;d++){var f=a[d]||\"\",h=b[d]||\"\";do{f=/(\\d*)(\\D*)(.*)/.exec(f)||[\"\",\"\",\"\",\"\"];h=/(\\d*)(\\D*)(.*)/.exec(h)||[\"\",\"\",\"\",\"\"];if(0==f[0].length&&0==h[0].length)break;c=v(0==f[1].length?0:parseInt(f[1],10),0==h[1].length?0:parseInt(h[1],10))||v(0==f[2].length,0==h[2].length)||v(f[2],h[2]);f=f[3];h=h[3]}while(0==c)}return c}function v(a,b){return a\u003Cb?-1:a>b?1:0};var w;a:{var oa=g.navigator;if(oa){var sa=oa.userAgent;if(sa){w=sa;break a}}w=\"\"}function x(a){return-1!=w.indexOf(a)};function y(){return x(\"Firefox\")||x(\"FxiOS\")}function A(){return(x(\"Chrome\")||x(\"CriOS\"))&&!x(\"Edge\")};function ta(a){return String(a).replace(/\\-([a-z])/g,function(b,c){return c.toUpperCase()})};function B(){return x(\"iPhone\")&&!x(\"iPod\")&&!x(\"iPad\")};function ua(a,b){var c=va;return Object.prototype.hasOwnProperty.call(c,a)?c[a]:c[a]=b(a)};var wa=x(\"Opera\"),C=x(\"Trident\")||x(\"MSIE\"),xa=x(\"Edge\"),ya=x(\"Gecko\")&&!(-1!=w.toLowerCase().indexOf(\"webkit\")&&!x(\"Edge\"))&&!(x(\"Trident\")||x(\"MSIE\"))&&!x(\"Edge\"),za=-1!=w.toLowerCase().indexOf(\"webkit\")&&!x(\"Edge\");function Aa(){var a=g.document;return a?a.documentMode:void 0}var E;\na:{var F=\"\",G=function(){var a=w;if(ya)return/rv:([^\\);]+)(\\)|;)/.exec(a);if(xa)return/Edge\\/([\\d\\.]+)/.exec(a);if(C)return/\\b(?:MSIE|rv)[: ]([^\\);]+)(\\)|;)/.exec(a);if(za)return/WebKit\\/(\\S+)/.exec(a);if(wa)return/(?:Version)[ \\/]?(\\S+)/.exec(a)}();G&&(F=G?G[1]:\"\");if(C){var H=Aa();if(null!=H&&H>parseFloat(F)){E=String(H);break a}}E=F}var va={};function Ba(a){return ua(a,function(){return 0\u003C=na(E,a)})}var I;I=g.document&&C?Aa():void 0;var Ca=y(),Da=B()||x(\"iPod\"),Ea=x(\"iPad\"),Fa=x(\"Android\")&&!(A()||y()||x(\"Opera\")||x(\"Silk\")),Ga=A(),Ha=x(\"Safari\")&&!(A()||x(\"Coast\")||x(\"Opera\")||x(\"Edge\")||x(\"Edg/\")||x(\"OPR\")||y()||x(\"Silk\")||x(\"Android\"))&&!(B()||x(\"iPad\")||x(\"iPod\"));function J(a){return(a=a.exec(w))?a[1]:\"\"}(function(){if(Ca)return J(/Firefox\\/([0-9.]+)/);if(C||xa||wa)return E;if(Ga)return B()||x(\"iPad\")||x(\"iPod\")?J(/CriOS\\/([0-9.]+)/):J(/Chrome\\/([0-9.]+)/);if(Ha&&!(B()||x(\"iPad\")||x(\"iPod\")))return J(/Version\\/([0-9.]+)/);if(Da||Ea){var a=/Version\\/(\\S+).*Mobile\\/(\\S+)/.exec(w);if(a)return a[1]+\".\"+a[2]}else if(Fa)return(a=J(/Android\\s+([0-9.]+)/))?a:J(/Version\\/([0-9.]+)/);return\"\"})();var K;if(K=C)K=!(9\u003C=Number(I));var Ia=K;function L(a,b){this.x=void 0!==a?a:0;this.y=void 0!==b?b:0}L.prototype.ceil=function(){this.x=Math.ceil(this.x);this.y=Math.ceil(this.y);return this};L.prototype.floor=function(){this.x=Math.floor(this.x);this.y=Math.floor(this.y);return this};L.prototype.round=function(){this.x=Math.round(this.x);this.y=Math.round(this.y);return this};function M(a,b){this.width=a;this.height=b}M.prototype.aspectRatio=function(){return this.width/this.height};M.prototype.ceil=function(){this.width=Math.ceil(this.width);this.height=Math.ceil(this.height);return this};M.prototype.floor=function(){this.width=Math.floor(this.width);this.height=Math.floor(this.height);return this};M.prototype.round=function(){this.width=Math.round(this.width);this.height=Math.round(this.height);return this};function N(a){return 9==a.nodeType?a:a.ownerDocument||a.document}function Ja(a,b){a&&(a=a.parentNode);for(var c=0;a;){if(b(a))return a;a=a.parentNode;c++}return null}function Ka(a){this.a=a||g.document||document};function P(a,b){b&&\"string\"!==typeof b&&(b=b.toString());return!!a&&1==a.nodeType&&(!b||a.tagName.toUpperCase()==b)};function Q(a,b,c,e){this.f=a;this.a=b;this.b=c;this.c=e}Q.prototype.ceil=function(){this.f=Math.ceil(this.f);this.a=Math.ceil(this.a);this.b=Math.ceil(this.b);this.c=Math.ceil(this.c);return this};Q.prototype.floor=function(){this.f=Math.floor(this.f);this.a=Math.floor(this.a);this.b=Math.floor(this.b);this.c=Math.floor(this.c);return this};Q.prototype.round=function(){this.f=Math.round(this.f);this.a=Math.round(this.a);this.b=Math.round(this.b);this.c=Math.round(this.c);return this};function R(a,b,c,e){this.a=a;this.b=b;this.width=c;this.height=e}R.prototype.ceil=function(){this.a=Math.ceil(this.a);this.b=Math.ceil(this.b);this.width=Math.ceil(this.width);this.height=Math.ceil(this.height);return this};R.prototype.floor=function(){this.a=Math.floor(this.a);this.b=Math.floor(this.b);this.width=Math.floor(this.width);this.height=Math.floor(this.height);return this};\nR.prototype.round=function(){this.a=Math.round(this.a);this.b=Math.round(this.b);this.width=Math.round(this.width);this.height=Math.round(this.height);return this};var La=\"function\"===typeof ShadowRoot;function S(a){for(a=a.parentNode;a&&1!=a.nodeType&&9!=a.nodeType&&11!=a.nodeType;)a=a.parentNode;return P(a)?a:null}\nfunction T(a,b){b=ta(b);if(\"float\"==b||\"cssFloat\"==b||\"styleFloat\"==b)b=Ia?\"styleFloat\":\"cssFloat\";a:{var c=b;var e=N(a);if(e.defaultView&&e.defaultView.getComputedStyle&&(e=e.defaultView.getComputedStyle(a,null))){c=e[c]||e.getPropertyValue(c)||\"\";break a}c=\"\"}a=c||Ma(a,b);if(null===a)a=null;else if(0\u003C=da(ia,b)){b:{var d=a.match(la);if(d&&(b=Number(d[1]),c=Number(d[2]),e=Number(d[3]),d=Number(d[4]),0\u003C=b&&255>=b&&0\u003C=c&&255>=c&&0\u003C=e&&255>=e&&0\u003C=d&&1>=d)){b=[b,c,e,d];break b}b=null}if(!b)b:{if(e=a.match(ma))if(b=\nNumber(e[1]),c=Number(e[2]),e=Number(e[3]),0\u003C=b&&255>=b&&0\u003C=c&&255>=c&&0\u003C=e&&255>=e){b=[b,c,e,1];break b}b=null}if(!b)b:{b=a.toLowerCase();c=ha[b.toLowerCase()];if(!c&&(c=\"#\"==b.charAt(0)?b:\"#\"+b,4==c.length&&(c=c.replace(ja,\"#$1$1$2$2$3$3\")),!ka.test(c))){b=null;break b}b=[parseInt(c.substr(1,2),16),parseInt(c.substr(3,2),16),parseInt(c.substr(5,2),16),1]}a=b?\"rgba(\"+b.join(\", \")+\")\":a}return a}\nfunction Ma(a,b){var c=a.currentStyle||a.style,e=c[b];void 0===e&&\"function\"==aa(c.getPropertyValue)&&(e=c.getPropertyValue(b));return\"inherit\"!=e?void 0!==e?e:null:(a=S(a))?Ma(a,b):null}\nfunction U(a,b,c){function e(h){var n=V(h);return 0\u003Cn.height&&0\u003Cn.width?!0:P(h,\"PATH\")&&(0\u003Cn.height||0\u003Cn.width)?(h=T(h,\"stroke-width\"),!!h&&0\u003CparseInt(h,10)):\"hidden\"!=T(h,\"overflow\")&&ea(h.childNodes,function(D){return 3==D.nodeType||P(D)&&e(D)})}function d(h){return Na(h)==W&&fa(h.childNodes,function(n){return!P(n)||d(n)||!e(n)})}if(!P(a))throw Error(\"Argument to isShown must be of type Element\");if(P(a,\"BODY\"))return!0;if(P(a,\"OPTION\")||P(a,\"OPTGROUP\"))return a=Ja(a,function(h){return P(h,\"SELECT\")}),\n!!a&&U(a,!0,c);var f=Oa(a);if(f)return!!f.image&&0\u003Cf.rect.width&&0\u003Cf.rect.height&&U(f.image,b,c);if(P(a,\"INPUT\")&&\"hidden\"==a.type.toLowerCase()||P(a,\"NOSCRIPT\"))return!1;f=T(a,\"visibility\");return\"collapse\"!=f&&\"hidden\"!=f&&c(a)&&(b||0!=Pa(a))&&e(a)?!d(a):!1}var W=\"hidden\";\nfunction Na(a){function b(k){function l(ba){if(ba==h)return!0;var pa=T(ba,\"display\");return 0==pa.lastIndexOf(\"inline\",0)||\"contents\"==pa||\"absolute\"==qa&&\"static\"==T(ba,\"position\")?!1:!0}var qa=T(k,\"position\");if(\"fixed\"==qa)return ra=!0,k==h?null:h;for(k=S(k);k&&!l(k);)k=S(k);return k}function c(k){var l=k;if(\"visible\"==D)if(k==h&&n)l=n;else if(k==n)return{x:\"visible\",y:\"visible\"};l={x:T(l,\"overflow-x\"),y:T(l,\"overflow-y\")};k==h&&(l.x=\"visible\"==l.x?\"auto\":l.x,l.y=\"visible\"==l.y?\"auto\":l.y);return l}\nfunction e(k){if(k==h){var l=(new Ka(f)).a;k=l.scrollingElement?l.scrollingElement:za||\"CSS1Compat\"!=l.compatMode?l.body||l.documentElement:l.documentElement;l=l.parentWindow||l.defaultView;k=C&&Ba(\"10\")&&l.pageYOffset!=k.scrollTop?new L(k.scrollLeft,k.scrollTop):new L(l.pageXOffset||k.scrollLeft,l.pageYOffset||k.scrollTop)}else k=new L(k.scrollLeft,k.scrollTop);return k}var d=Qa(a),f=N(a),h=f.documentElement,n=f.body,D=T(h,\"overflow\"),ra;for(a=b(a);a;a=b(a)){var q=c(a);if(\"visible\"!=q.x||\"visible\"!=\nq.y){var t=V(a);if(0==t.width||0==t.height)return W;var z=d.a\u003Ct.a,O=d.b\u003Ct.b;if(z&&\"hidden\"==q.x||O&&\"hidden\"==q.y)return W;if(z&&\"visible\"!=q.x||O&&\"visible\"!=q.y){z=e(a);O=d.b\u003Ct.b-z.y;if(d.a\u003Ct.a-z.x&&\"visible\"!=q.x||O&&\"visible\"!=q.x)return W;d=Na(a);return d==W?W:\"scroll\"}z=d.c>=t.a+t.width;t=d.f>=t.b+t.height;if(z&&\"hidden\"==q.x||t&&\"hidden\"==q.y)return W;if(z&&\"visible\"!=q.x||t&&\"visible\"!=q.y){if(ra&&(q=e(a),d.c>=h.scrollWidth-q.x||d.a>=h.scrollHeight-q.y))return W;d=Na(a);return d==W?W:\"scroll\"}}}return\"none\"}\nfunction V(a){var b=Oa(a);if(b)return b.rect;if(P(a,\"HTML\"))return a=N(a),a=((a?a.parentWindow||a.defaultView:window)||window).document,a=\"CSS1Compat\"==a.compatMode?a.documentElement:a.body,a=new M(a.clientWidth,a.clientHeight),new R(0,0,a.width,a.height);try{var c=a.getBoundingClientRect()}catch(e){return new R(0,0,0,0)}b=new R(c.left,c.top,c.right-c.left,c.bottom-c.top);C&&a.ownerDocument.body&&(a=N(a),b.a-=a.documentElement.clientLeft+a.body.clientLeft,b.b-=a.documentElement.clientTop+a.body.clientTop);\nreturn b}\nfunction Oa(a){var b=P(a,\"MAP\");if(!b&&!P(a,\"AREA\"))return null;var c=b?a:P(a.parentNode,\"MAP\")?a.parentNode:null,e=null,d=null;if(c&&c.name){e='*[usemap=\"#'+c.name+'\"]';c=N(c);var f;if(f=\"function\"!=aa(c.querySelector)&&C&&(C?0\u003C=na(I,8):Ba(8))){f=c.querySelector;var h=typeof f;f=!(\"object\"==h&&null!=f||\"function\"==h)}if(f)throw Error(\"CSS selection is not supported\");if(!e)throw new m(32,\"No selector specified\");e=u(e);try{var n=c.querySelector(e)}catch(D){throw new m(32,\"An invalid or illegal selector was specified\");}if(e=\nn&&1==n.nodeType?n:null)d=V(e),b||\"default\"==a.shape.toLowerCase()||(a=Ra(a),b=Math.min(Math.max(a.a,0),d.width),n=Math.min(Math.max(a.b,0),d.height),d=new R(b+d.a,n+d.b,Math.min(a.width,d.width-b),Math.min(a.height,d.height-n)))}return{image:e,rect:d||new R(0,0,0,0)}}\nfunction Ra(a){var b=a.shape.toLowerCase();a=a.coords.split(\",\");if(\"rect\"==b&&4==a.length){b=a[0];var c=a[1];return new R(b,c,a[2]-b,a[3]-c)}if(\"circle\"==b&&3==a.length)return b=a[2],new R(a[0]-b,a[1]-b,2*b,2*b);if(\"poly\"==b&&2\u003Ca.length){b=a[0];c=a[1];for(var e=b,d=c,f=2;f+1\u003Ca.length;f+=2)b=Math.min(b,a[f]),e=Math.max(e,a[f]),c=Math.min(c,a[f+1]),d=Math.max(d,a[f+1]);return new R(b,c,e-b,d-c)}return new R(0,0,0,0)}function Qa(a){a=V(a);return new Q(a.b,a.a+a.width,a.b+a.height,a.a)}\nfunction Pa(a){if(Ia){if(\"relative\"==T(a,\"position\"))return 1;a=T(a,\"filter\");return(a=a.match(/^alpha\\(opacity=(\\d*)\\)/)||a.match(/^progid:DXImageTransform.Microsoft.Alpha\\(Opacity=(\\d*)\\)/))?Number(a[1])/100:1}return Sa(a)}function Sa(a){var b=1,c=T(a,\"opacity\");c&&(b=Number(c));(a=S(a))&&(b*=Sa(a));return b};function Ta(a,b){function c(e){if(P(e)&&\"none\"==T(e,\"display\"))return!1;var d;if((d=e.parentNode)&&d.shadowRoot&&void 0!==e.assignedSlot)d=e.assignedSlot?e.assignedSlot.parentNode:null;else if(e.getDestinationInsertionPoints){var f=e.getDestinationInsertionPoints();0\u003Cf.length&&(d=f[f.length-1])}if(La&&d instanceof ShadowRoot){if(d.host.shadowRoot&&d.host.shadowRoot!==d)return!1;d=d.host}return!d||9!=d.nodeType&&11!=d.nodeType?d&&P(d,\"DETAILS\")&&!d.open&&!P(e,\"SUMMARY\")?!1:!!d&&c(d):!0}return U(a,\n!!b,c)}var X=[\"_\"],Y=g;X[0]in Y||\"undefined\"==typeof Y.execScript||Y.execScript(\"var \"+X[0]);for(var Z;X.length&&(Z=X.shift());)X.length||void 0===Ta?Y[Z]&&Y[Z]!==Object.prototype[Z]?Y=Y[Z]:Y=Y[Z]={}:Y[Z]=Ta;; return this._.apply(null,arguments);}).apply({navigator:typeof window!='undefined'?window.navigator:null,document:typeof window!='undefined'?window.document:null}, arguments);}\n).apply(null, arguments);"
}
[1773332931.290][INFO]: Waiting for pending navigations...
[1773332931.290][INFO]: Done waiting for pending navigations. Status: ok
[1773332931.291][INFO]: Waiting for pending navigations...
[1773332931.291][INFO]: Done waiting for pending navigations. Status: ok
[1773332931.291][INFO]: [1d88d04bd3bde031f168f5b63152518c] RESPONSE ExecuteScript true
[1773332931.292][INFO]: [1d88d04bd3bde031f168f5b63152518c] COMMAND ClearElement {
   "id": "f.07D6AA562BB646E8E62464526E4E3A93.d.DBB46238A963C75A3E2CE0B12B844DF6.e.104"
}
[1773332931.292][INFO]: Waiting for pending navigations...
[1773332931.293][INFO]: Done waiting for pending navigations. Status: ok
[1773332931.298][INFO]: 
	=== NOTE: ===
	The Clear command in ChromeDriver 2.43 and above
	has been updated to conform to the current standard,
	including raising blur event after clearing.

[1773332931.301][INFO]: Waiting for pending navigations...
[1773332931.302][INFO]: Done waiting for pending navigations. Status: ok
[1773332931.302][INFO]: [1d88d04bd3bde031f168f5b63152518c] RESPONSE ClearElement
[1773332931.304][INFO]: [1d88d04bd3bde031f168f5b63152518c] COMMAND TypeElement {
   "id": "f.07D6AA562BB646E8E62464526E4E3A93.d.DBB46238A963C75A3E2CE0B12B844DF6.e.104",
   "text": "Washing Machine",
   "value": [ "W", "a", "s", "h", "i", "n", "g", " ", "M", "a", "c", "h", "i", "n", "e" ]
}
[1773332931.304][INFO]: Waiting for pending navigations...
[1773332931.304][INFO]: Done waiting for pending navigations. Status: ok
[1773332931.362][INFO]: Waiting for pending navigations...
[1773332931.366][INFO]: Done waiting for pending navigations. Status: ok
[1773332931.366][INFO]: [1d88d04bd3bde031f168f5b63152518c] RESPONSE TypeElement
[1773332931.367][INFO]: [1d88d04bd3bde031f168f5b63152518c] COMMAND ExecuteScript {
   "args": [ {
      "element-6066-11e4-a52e-4f735466cecf": "f.07D6AA562BB646E8E62464526E4E3A93.d.DBB46238A963C75A3E2CE0B12B844DF6.e.104"
   } ],
   "script": "/* submitForm */var form = arguments[0];\nwhile (form.nodeName != \"FORM\" && form.parentNode) {\n  form = form.parentNode;\n}\nif (!form) { throw Error('Unable to find containing form element'); }\nif (!form.ownerDocument) { throw Error('Unable to find owning document'); }\nvar e = form.ownerDocument.createEvent('Event');\ne.initEvent('submit', true, true);\nif (form.dispatchEvent(e)) { HTMLFormElement.prototype.submit.call(form) }\n"
}
[1773332931.367][INFO]: Waiting for pending navigations...
[1773332931.367][INFO]: Done waiting for pending navigations. Status: ok
[1773332931.373][INFO]: Waiting for pending navigations...
[1773332935.415][INFO]: Done waiting for pending navigations. Status: ok
[1773332935.415][INFO]: [1d88d04bd3bde031f168f5b63152518c] RESPONSE ExecuteScript null
[1773332935.423][INFO]: [1d88d04bd3bde031f168f5b63152518c] COMMAND FindElement {
   "using": "xpath",
   "value": "//div[text()='Popularity']"
}
[1773332935.423][INFO]: Waiting for pending navigations...
[1773332935.428][INFO]: Done waiting for pending navigations. Status: ok
[1773332935.435][INFO]: Waiting for pending navigations...
[1773332935.436][INFO]: Done waiting for pending navigations. Status: ok
[1773332935.436][INFO]: [1d88d04bd3bde031f168f5b63152518c] RESPONSE FindElement {
   "element-6066-11e4-a52e-4f735466cecf": "f.07D6AA562BB646E8E62464526E4E3A93.d.67982D4F217A82271E66B5E68370EAFC.e.392"
}
[1773332935.438][INFO]: [1d88d04bd3bde031f168f5b63152518c] COMMAND ExecuteScript {
   "args": [ {
      "element-6066-11e4-a52e-4f735466cecf": "f.07D6AA562BB646E8E62464526E4E3A93.d.67982D4F217A82271E66B5E68370EAFC.e.392"
   } ],
   "script": "/* isDisplayed */return (function(){return (function(){var g=this||self;\nfunction aa(a){var b=typeof a;if(\"object\"==b)if(a){if(a instanceof Array)return\"array\";if(a instanceof Object)return b;var c=Object.prototype.toString.call(a);if(\"[object Window]\"==c)return\"object\";if(\"[object Array]\"==c||\"number\"==typeof a.length&&\"undefined\"!=typeof a.splice&&\"undefined\"!=typeof a.propertyIsEnumerable&&!a.propertyIsEnumerable(\"splice\"))return\"array\";if(\"[object Function]\"==c||\"undefined\"!=typeof a.call&&\"undefined\"!=typeof a.propertyIsEnumerable&&!a.propertyIsEnumerable(\"call\"))return\"function\"}else return\"null\";else if(\"function\"==\nb&&\"undefined\"==typeof a.call)return\"object\";return b}function ca(a,b){function c(){}c.prototype=b.prototype;a.prototype=new c;a.prototype.constructor=a};var da=Array.prototype.indexOf?function(a,b){return Array.prototype.indexOf.call(a,b,void 0)}:function(a,b){if(\"string\"===typeof a)return\"string\"!==typeof b||1!=b.length?-1:a.indexOf(b,0);for(var c=0;c\u003Ca.length;c++)if(c in a&&a[c]===b)return c;return-1},ea=Array.prototype.some?function(a,b){return Array.prototype.some.call(a,b,void 0)}:function(a,b){for(var c=a.length,e=\"string\"===typeof a?a.split(\"\"):a,d=0;d\u003Cc;d++)if(d in e&&b.call(void 0,e[d],d,a))return!0;return!1},fa=Array.prototype.every?function(a,\nb){return Array.prototype.every.call(a,b,void 0)}:function(a,b){for(var c=a.length,e=\"string\"===typeof a?a.split(\"\"):a,d=0;d\u003Cc;d++)if(d in e&&!b.call(void 0,e[d],d,a))return!1;return!0};var ha={aliceblue:\"#f0f8ff\",antiquewhite:\"#faebd7\",aqua:\"#00ffff\",aquamarine:\"#7fffd4\",azure:\"#f0ffff\",beige:\"#f5f5dc\",bisque:\"#ffe4c4\",black:\"#000000\",blanchedalmond:\"#ffebcd\",blue:\"#0000ff\",blueviolet:\"#8a2be2\",brown:\"#a52a2a\",burlywood:\"#deb887\",cadetblue:\"#5f9ea0\",chartreuse:\"#7fff00\",chocolate:\"#d2691e\",coral:\"#ff7f50\",cornflowerblue:\"#6495ed\",cornsilk:\"#fff8dc\",crimson:\"#dc143c\",cyan:\"#00ffff\",darkblue:\"#00008b\",darkcyan:\"#008b8b\",darkgoldenrod:\"#b8860b\",darkgray:\"#a9a9a9\",darkgreen:\"#006400\",\ndarkgrey:\"#a9a9a9\",darkkhaki:\"#bdb76b\",darkmagenta:\"#8b008b\",darkolivegreen:\"#556b2f\",darkorange:\"#ff8c00\",darkorchid:\"#9932cc\",darkred:\"#8b0000\",darksalmon:\"#e9967a\",darkseagreen:\"#8fbc8f\",darkslateblue:\"#483d8b\",darkslategray:\"#2f4f4f\",darkslategrey:\"#2f4f4f\",darkturquoise:\"#00ced1\",darkviolet:\"#9400d3\",deeppink:\"#ff1493\",deepskyblue:\"#00bfff\",dimgray:\"#696969\",dimgrey:\"#696969\",dodgerblue:\"#1e90ff\",firebrick:\"#b22222\",floralwhite:\"#fffaf0\",forestgreen:\"#228b22\",fuchsia:\"#ff00ff\",gainsboro:\"#dcdcdc\",\nghostwhite:\"#f8f8ff\",gold:\"#ffd700\",goldenrod:\"#daa520\",gray:\"#808080\",green:\"#008000\",greenyellow:\"#adff2f\",grey:\"#808080\",honeydew:\"#f0fff0\",hotpink:\"#ff69b4\",indianred:\"#cd5c5c\",indigo:\"#4b0082\",ivory:\"#fffff0\",khaki:\"#f0e68c\",lavender:\"#e6e6fa\",lavenderblush:\"#fff0f5\",lawngreen:\"#7cfc00\",lemonchiffon:\"#fffacd\",lightblue:\"#add8e6\",lightcoral:\"#f08080\",lightcyan:\"#e0ffff\",lightgoldenrodyellow:\"#fafad2\",lightgray:\"#d3d3d3\",lightgreen:\"#90ee90\",lightgrey:\"#d3d3d3\",lightpink:\"#ffb6c1\",lightsalmon:\"#ffa07a\",\nlightseagreen:\"#20b2aa\",lightskyblue:\"#87cefa\",lightslategray:\"#778899\",lightslategrey:\"#778899\",lightsteelblue:\"#b0c4de\",lightyellow:\"#ffffe0\",lime:\"#00ff00\",limegreen:\"#32cd32\",linen:\"#faf0e6\",magenta:\"#ff00ff\",maroon:\"#800000\",mediumaquamarine:\"#66cdaa\",mediumblue:\"#0000cd\",mediumorchid:\"#ba55d3\",mediumpurple:\"#9370db\",mediumseagreen:\"#3cb371\",mediumslateblue:\"#7b68ee\",mediumspringgreen:\"#00fa9a\",mediumturquoise:\"#48d1cc\",mediumvioletred:\"#c71585\",midnightblue:\"#191970\",mintcream:\"#f5fffa\",mistyrose:\"#ffe4e1\",\nmoccasin:\"#ffe4b5\",navajowhite:\"#ffdead\",navy:\"#000080\",oldlace:\"#fdf5e6\",olive:\"#808000\",olivedrab:\"#6b8e23\",orange:\"#ffa500\",orangered:\"#ff4500\",orchid:\"#da70d6\",palegoldenrod:\"#eee8aa\",palegreen:\"#98fb98\",paleturquoise:\"#afeeee\",palevioletred:\"#db7093\",papayawhip:\"#ffefd5\",peachpuff:\"#ffdab9\",peru:\"#cd853f\",pink:\"#ffc0cb\",plum:\"#dda0dd\",powderblue:\"#b0e0e6\",purple:\"#800080\",red:\"#ff0000\",rosybrown:\"#bc8f8f\",royalblue:\"#4169e1\",saddlebrown:\"#8b4513\",salmon:\"#fa8072\",sandybrown:\"#f4a460\",seagreen:\"#2e8b57\",\nseashell:\"#fff5ee\",sienna:\"#a0522d\",silver:\"#c0c0c0\",skyblue:\"#87ceeb\",slateblue:\"#6a5acd\",slategray:\"#708090\",slategrey:\"#708090\",snow:\"#fffafa\",springgreen:\"#00ff7f\",steelblue:\"#4682b4\",tan:\"#d2b48c\",teal:\"#008080\",thistle:\"#d8bfd8\",tomato:\"#ff6347\",turquoise:\"#40e0d0\",violet:\"#ee82ee\",wheat:\"#f5deb3\",white:\"#ffffff\",whitesmoke:\"#f5f5f5\",yellow:\"#ffff00\",yellowgreen:\"#9acd32\"};var ia=\"backgroundColor borderTopColor borderRightColor borderBottomColor borderLeftColor color outlineColor\".split(\" \"),ja=/#([0-9a-fA-F])([0-9a-fA-F])([0-9a-fA-F])/,ka=/^#(?:[0-9a-f]{3}){1,2}$/i,la=/^(?:rgba)?\\((\\d{1,3}),\\s?(\\d{1,3}),\\s?(\\d{1,3}),\\s?(0|1|0\\.\\d*)\\)$/i,ma=/^(?:rgb)?\\((0|[1-9]\\d{0,2}),\\s?(0|[1-9]\\d{0,2}),\\s?(0|[1-9]\\d{0,2})\\)$/i;function m(a,b){this.code=a;this.a=p[a]||r;this.message=b||\"\";a=this.a.replace(/((?:^|\\s+)[a-z])/g,function(c){return c.toUpperCase().replace(/^[\\s\\xa0]+/g,\"\")});b=a.length-5;if(0>b||a.indexOf(\"Error\",b)!=b)a+=\"Error\";this.name=a;a=Error(this.message);a.name=this.name;this.stack=a.stack||\"\"}ca(m,Error);var r=\"unknown error\",p={15:\"element not selectable\",11:\"element not visible\"};p[31]=r;p[30]=r;p[24]=\"invalid cookie domain\";p[29]=\"invalid element coordinates\";p[12]=\"invalid element state\";\np[32]=\"invalid selector\";p[51]=\"invalid selector\";p[52]=\"invalid selector\";p[17]=\"javascript error\";p[405]=\"unsupported operation\";p[34]=\"move target out of bounds\";p[27]=\"no such alert\";p[7]=\"no such element\";p[8]=\"no such frame\";p[23]=\"no such window\";p[28]=\"script timeout\";p[33]=\"session not created\";p[10]=\"stale element reference\";p[21]=\"timeout\";p[25]=\"unable to set cookie\";p[26]=\"unexpected alert open\";p[13]=r;p[9]=\"unknown command\";var u=String.prototype.trim?function(a){return a.trim()}:function(a){return/^[\\s\\xa0]*([\\s\\S]*?)[\\s\\xa0]*$/.exec(a)[1]};\nfunction na(a,b){var c=0;a=u(String(a)).split(\".\");b=u(String(b)).split(\".\");for(var e=Math.max(a.length,b.length),d=0;0==c&&d\u003Ce;d++){var f=a[d]||\"\",h=b[d]||\"\";do{f=/(\\d*)(\\D*)(.*)/.exec(f)||[\"\",\"\",\"\",\"\"];h=/(\\d*)(\\D*)(.*)/.exec(h)||[\"\",\"\",\"\",\"\"];if(0==f[0].length&&0==h[0].length)break;c=v(0==f[1].length?0:parseInt(f[1],10),0==h[1].length?0:parseInt(h[1],10))||v(0==f[2].length,0==h[2].length)||v(f[2],h[2]);f=f[3];h=h[3]}while(0==c)}return c}function v(a,b){return a\u003Cb?-1:a>b?1:0};var w;a:{var oa=g.navigator;if(oa){var sa=oa.userAgent;if(sa){w=sa;break a}}w=\"\"}function x(a){return-1!=w.indexOf(a)};function y(){return x(\"Firefox\")||x(\"FxiOS\")}function A(){return(x(\"Chrome\")||x(\"CriOS\"))&&!x(\"Edge\")};function ta(a){return String(a).replace(/\\-([a-z])/g,function(b,c){return c.toUpperCase()})};function B(){return x(\"iPhone\")&&!x(\"iPod\")&&!x(\"iPad\")};function ua(a,b){var c=va;return Object.prototype.hasOwnProperty.call(c,a)?c[a]:c[a]=b(a)};var wa=x(\"Opera\"),C=x(\"Trident\")||x(\"MSIE\"),xa=x(\"Edge\"),ya=x(\"Gecko\")&&!(-1!=w.toLowerCase().indexOf(\"webkit\")&&!x(\"Edge\"))&&!(x(\"Trident\")||x(\"MSIE\"))&&!x(\"Edge\"),za=-1!=w.toLowerCase().indexOf(\"webkit\")&&!x(\"Edge\");function Aa(){var a=g.document;return a?a.documentMode:void 0}var E;\na:{var F=\"\",G=function(){var a=w;if(ya)return/rv:([^\\);]+)(\\)|;)/.exec(a);if(xa)return/Edge\\/([\\d\\.]+)/.exec(a);if(C)return/\\b(?:MSIE|rv)[: ]([^\\);]+)(\\)|;)/.exec(a);if(za)return/WebKit\\/(\\S+)/.exec(a);if(wa)return/(?:Version)[ \\/]?(\\S+)/.exec(a)}();G&&(F=G?G[1]:\"\");if(C){var H=Aa();if(null!=H&&H>parseFloat(F)){E=String(H);break a}}E=F}var va={};function Ba(a){return ua(a,function(){return 0\u003C=na(E,a)})}var I;I=g.document&&C?Aa():void 0;var Ca=y(),Da=B()||x(\"iPod\"),Ea=x(\"iPad\"),Fa=x(\"Android\")&&!(A()||y()||x(\"Opera\")||x(\"Silk\")),Ga=A(),Ha=x(\"Safari\")&&!(A()||x(\"Coast\")||x(\"Opera\")||x(\"Edge\")||x(\"Edg/\")||x(\"OPR\")||y()||x(\"Silk\")||x(\"Android\"))&&!(B()||x(\"iPad\")||x(\"iPod\"));function J(a){return(a=a.exec(w))?a[1]:\"\"}(function(){if(Ca)return J(/Firefox\\/([0-9.]+)/);if(C||xa||wa)return E;if(Ga)return B()||x(\"iPad\")||x(\"iPod\")?J(/CriOS\\/([0-9.]+)/):J(/Chrome\\/([0-9.]+)/);if(Ha&&!(B()||x(\"iPad\")||x(\"iPod\")))return J(/Version\\/([0-9.]+)/);if(Da||Ea){var a=/Version\\/(\\S+).*Mobile\\/(\\S+)/.exec(w);if(a)return a[1]+\".\"+a[2]}else if(Fa)return(a=J(/Android\\s+([0-9.]+)/))?a:J(/Version\\/([0-9.]+)/);return\"\"})();var K;if(K=C)K=!(9\u003C=Number(I));var Ia=K;function L(a,b){this.x=void 0!==a?a:0;this.y=void 0!==b?b:0}L.prototype.ceil=function(){this.x=Math.ceil(this.x);this.y=Math.ceil(this.y);return this};L.prototype.floor=function(){this.x=Math.floor(this.x);this.y=Math.floor(this.y);return this};L.prototype.round=function(){this.x=Math.round(this.x);this.y=Math.round(this.y);return this};function M(a,b){this.width=a;this.height=b}M.prototype.aspectRatio=function(){return this.width/this.height};M.prototype.ceil=function(){this.width=Math.ceil(this.width);this.height=Math.ceil(this.height);return this};M.prototype.floor=function(){this.width=Math.floor(this.width);this.height=Math.floor(this.height);return this};M.prototype.round=function(){this.width=Math.round(this.width);this.height=Math.round(this.height);return this};function N(a){return 9==a.nodeType?a:a.ownerDocument||a.document}function Ja(a,b){a&&(a=a.parentNode);for(var c=0;a;){if(b(a))return a;a=a.parentNode;c++}return null}function Ka(a){this.a=a||g.document||document};function P(a,b){b&&\"string\"!==typeof b&&(b=b.toString());return!!a&&1==a.nodeType&&(!b||a.tagName.toUpperCase()==b)};function Q(a,b,c,e){this.f=a;this.a=b;this.b=c;this.c=e}Q.prototype.ceil=function(){this.f=Math.ceil(this.f);this.a=Math.ceil(this.a);this.b=Math.ceil(this.b);this.c=Math.ceil(this.c);return this};Q.prototype.floor=function(){this.f=Math.floor(this.f);this.a=Math.floor(this.a);this.b=Math.floor(this.b);this.c=Math.floor(this.c);return this};Q.prototype.round=function(){this.f=Math.round(this.f);this.a=Math.round(this.a);this.b=Math.round(this.b);this.c=Math.round(this.c);return this};function R(a,b,c,e){this.a=a;this.b=b;this.width=c;this.height=e}R.prototype.ceil=function(){this.a=Math.ceil(this.a);this.b=Math.ceil(this.b);this.width=Math.ceil(this.width);this.height=Math.ceil(this.height);return this};R.prototype.floor=function(){this.a=Math.floor(this.a);this.b=Math.floor(this.b);this.width=Math.floor(this.width);this.height=Math.floor(this.height);return this};\nR.prototype.round=function(){this.a=Math.round(this.a);this.b=Math.round(this.b);this.width=Math.round(this.width);this.height=Math.round(this.height);return this};var La=\"function\"===typeof ShadowRoot;function S(a){for(a=a.parentNode;a&&1!=a.nodeType&&9!=a.nodeType&&11!=a.nodeType;)a=a.parentNode;return P(a)?a:null}\nfunction T(a,b){b=ta(b);if(\"float\"==b||\"cssFloat\"==b||\"styleFloat\"==b)b=Ia?\"styleFloat\":\"cssFloat\";a:{var c=b;var e=N(a);if(e.defaultView&&e.defaultView.getComputedStyle&&(e=e.defaultView.getComputedStyle(a,null))){c=e[c]||e.getPropertyValue(c)||\"\";break a}c=\"\"}a=c||Ma(a,b);if(null===a)a=null;else if(0\u003C=da(ia,b)){b:{var d=a.match(la);if(d&&(b=Number(d[1]),c=Number(d[2]),e=Number(d[3]),d=Number(d[4]),0\u003C=b&&255>=b&&0\u003C=c&&255>=c&&0\u003C=e&&255>=e&&0\u003C=d&&1>=d)){b=[b,c,e,d];break b}b=null}if(!b)b:{if(e=a.match(ma))if(b=\nNumber(e[1]),c=Number(e[2]),e=Number(e[3]),0\u003C=b&&255>=b&&0\u003C=c&&255>=c&&0\u003C=e&&255>=e){b=[b,c,e,1];break b}b=null}if(!b)b:{b=a.toLowerCase();c=ha[b.toLowerCase()];if(!c&&(c=\"#\"==b.charAt(0)?b:\"#\"+b,4==c.length&&(c=c.replace(ja,\"#$1$1$2$2$3$3\")),!ka.test(c))){b=null;break b}b=[parseInt(c.substr(1,2),16),parseInt(c.substr(3,2),16),parseInt(c.substr(5,2),16),1]}a=b?\"rgba(\"+b.join(\", \")+\")\":a}return a}\nfunction Ma(a,b){var c=a.currentStyle||a.style,e=c[b];void 0===e&&\"function\"==aa(c.getPropertyValue)&&(e=c.getPropertyValue(b));return\"inherit\"!=e?void 0!==e?e:null:(a=S(a))?Ma(a,b):null}\nfunction U(a,b,c){function e(h){var n=V(h);return 0\u003Cn.height&&0\u003Cn.width?!0:P(h,\"PATH\")&&(0\u003Cn.height||0\u003Cn.width)?(h=T(h,\"stroke-width\"),!!h&&0\u003CparseInt(h,10)):\"hidden\"!=T(h,\"overflow\")&&ea(h.childNodes,function(D){return 3==D.nodeType||P(D)&&e(D)})}function d(h){return Na(h)==W&&fa(h.childNodes,function(n){return!P(n)||d(n)||!e(n)})}if(!P(a))throw Error(\"Argument to isShown must be of type Element\");if(P(a,\"BODY\"))return!0;if(P(a,\"OPTION\")||P(a,\"OPTGROUP\"))return a=Ja(a,function(h){return P(h,\"SELECT\")}),\n!!a&&U(a,!0,c);var f=Oa(a);if(f)return!!f.image&&0\u003Cf.rect.width&&0\u003Cf.rect.height&&U(f.image,b,c);if(P(a,\"INPUT\")&&\"hidden\"==a.type.toLowerCase()||P(a,\"NOSCRIPT\"))return!1;f=T(a,\"visibility\");return\"collapse\"!=f&&\"hidden\"!=f&&c(a)&&(b||0!=Pa(a))&&e(a)?!d(a):!1}var W=\"hidden\";\nfunction Na(a){function b(k){function l(ba){if(ba==h)return!0;var pa=T(ba,\"display\");return 0==pa.lastIndexOf(\"inline\",0)||\"contents\"==pa||\"absolute\"==qa&&\"static\"==T(ba,\"position\")?!1:!0}var qa=T(k,\"position\");if(\"fixed\"==qa)return ra=!0,k==h?null:h;for(k=S(k);k&&!l(k);)k=S(k);return k}function c(k){var l=k;if(\"visible\"==D)if(k==h&&n)l=n;else if(k==n)return{x:\"visible\",y:\"visible\"};l={x:T(l,\"overflow-x\"),y:T(l,\"overflow-y\")};k==h&&(l.x=\"visible\"==l.x?\"auto\":l.x,l.y=\"visible\"==l.y?\"auto\":l.y);return l}\nfunction e(k){if(k==h){var l=(new Ka(f)).a;k=l.scrollingElement?l.scrollingElement:za||\"CSS1Compat\"!=l.compatMode?l.body||l.documentElement:l.documentElement;l=l.parentWindow||l.defaultView;k=C&&Ba(\"10\")&&l.pageYOffset!=k.scrollTop?new L(k.scrollLeft,k.scrollTop):new L(l.pageXOffset||k.scrollLeft,l.pageYOffset||k.scrollTop)}else k=new L(k.scrollLeft,k.scrollTop);return k}var d=Qa(a),f=N(a),h=f.documentElement,n=f.body,D=T(h,\"overflow\"),ra;for(a=b(a);a;a=b(a)){var q=c(a);if(\"visible\"!=q.x||\"visible\"!=\nq.y){var t=V(a);if(0==t.width||0==t.height)return W;var z=d.a\u003Ct.a,O=d.b\u003Ct.b;if(z&&\"hidden\"==q.x||O&&\"hidden\"==q.y)return W;if(z&&\"visible\"!=q.x||O&&\"visible\"!=q.y){z=e(a);O=d.b\u003Ct.b-z.y;if(d.a\u003Ct.a-z.x&&\"visible\"!=q.x||O&&\"visible\"!=q.x)return W;d=Na(a);return d==W?W:\"scroll\"}z=d.c>=t.a+t.width;t=d.f>=t.b+t.height;if(z&&\"hidden\"==q.x||t&&\"hidden\"==q.y)return W;if(z&&\"visible\"!=q.x||t&&\"visible\"!=q.y){if(ra&&(q=e(a),d.c>=h.scrollWidth-q.x||d.a>=h.scrollHeight-q.y))return W;d=Na(a);return d==W?W:\"scroll\"}}}return\"none\"}\nfunction V(a){var b=Oa(a);if(b)return b.rect;if(P(a,\"HTML\"))return a=N(a),a=((a?a.parentWindow||a.defaultView:window)||window).document,a=\"CSS1Compat\"==a.compatMode?a.documentElement:a.body,a=new M(a.clientWidth,a.clientHeight),new R(0,0,a.width,a.height);try{var c=a.getBoundingClientRect()}catch(e){return new R(0,0,0,0)}b=new R(c.left,c.top,c.right-c.left,c.bottom-c.top);C&&a.ownerDocument.body&&(a=N(a),b.a-=a.documentElement.clientLeft+a.body.clientLeft,b.b-=a.documentElement.clientTop+a.body.clientTop);\nreturn b}\nfunction Oa(a){var b=P(a,\"MAP\");if(!b&&!P(a,\"AREA\"))return null;var c=b?a:P(a.parentNode,\"MAP\")?a.parentNode:null,e=null,d=null;if(c&&c.name){e='*[usemap=\"#'+c.name+'\"]';c=N(c);var f;if(f=\"function\"!=aa(c.querySelector)&&C&&(C?0\u003C=na(I,8):Ba(8))){f=c.querySelector;var h=typeof f;f=!(\"object\"==h&&null!=f||\"function\"==h)}if(f)throw Error(\"CSS selection is not supported\");if(!e)throw new m(32,\"No selector specified\");e=u(e);try{var n=c.querySelector(e)}catch(D){throw new m(32,\"An invalid or illegal selector was specified\");}if(e=\nn&&1==n.nodeType?n:null)d=V(e),b||\"default\"==a.shape.toLowerCase()||(a=Ra(a),b=Math.min(Math.max(a.a,0),d.width),n=Math.min(Math.max(a.b,0),d.height),d=new R(b+d.a,n+d.b,Math.min(a.width,d.width-b),Math.min(a.height,d.height-n)))}return{image:e,rect:d||new R(0,0,0,0)}}\nfunction Ra(a){var b=a.shape.toLowerCase();a=a.coords.split(\",\");if(\"rect\"==b&&4==a.length){b=a[0];var c=a[1];return new R(b,c,a[2]-b,a[3]-c)}if(\"circle\"==b&&3==a.length)return b=a[2],new R(a[0]-b,a[1]-b,2*b,2*b);if(\"poly\"==b&&2\u003Ca.length){b=a[0];c=a[1];for(var e=b,d=c,f=2;f+1\u003Ca.length;f+=2)b=Math.min(b,a[f]),e=Math.max(e,a[f]),c=Math.min(c,a[f+1]),d=Math.max(d,a[f+1]);return new R(b,c,e-b,d-c)}return new R(0,0,0,0)}function Qa(a){a=V(a);return new Q(a.b,a.a+a.width,a.b+a.height,a.a)}\nfunction Pa(a){if(Ia){if(\"relative\"==T(a,\"position\"))return 1;a=T(a,\"filter\");return(a=a.match(/^alpha\\(opacity=(\\d*)\\)/)||a.match(/^progid:DXImageTransform.Microsoft.Alpha\\(Opacity=(\\d*)\\)/))?Number(a[1])/100:1}return Sa(a)}function Sa(a){var b=1,c=T(a,\"opacity\");c&&(b=Number(c));(a=S(a))&&(b*=Sa(a));return b};function Ta(a,b){function c(e){if(P(e)&&\"none\"==T(e,\"display\"))return!1;var d;if((d=e.parentNode)&&d.shadowRoot&&void 0!==e.assignedSlot)d=e.assignedSlot?e.assignedSlot.parentNode:null;else if(e.getDestinationInsertionPoints){var f=e.getDestinationInsertionPoints();0\u003Cf.length&&(d=f[f.length-1])}if(La&&d instanceof ShadowRoot){if(d.host.shadowRoot&&d.host.shadowRoot!==d)return!1;d=d.host}return!d||9!=d.nodeType&&11!=d.nodeType?d&&P(d,\"DETAILS\")&&!d.open&&!P(e,\"SUMMARY\")?!1:!!d&&c(d):!0}return U(a,\n!!b,c)}var X=[\"_\"],Y=g;X[0]in Y||\"undefined\"==typeof Y.execScript||Y.execScript(\"var \"+X[0]);for(var Z;X.length&&(Z=X.shift());)X.length||void 0===Ta?Y[Z]&&Y[Z]!==Object.prototype[Z]?Y=Y[Z]:Y=Y[Z]={}:Y[Z]=Ta;; return this._.apply(null,arguments);}).apply({navigator:typeof window!='undefined'?window.navigator:null,document:typeof window!='undefined'?window.document:null}, arguments);}\n).apply(null, arguments);"
}
[1773332935.438][INFO]: Waiting for pending navigations...
[1773332935.438][INFO]: Done waiting for pending navigations. Status: ok
[1773332935.440][INFO]: Waiting for pending navigations...
[1773332935.440][INFO]: Done waiting for pending navigations. Status: ok
[1773332935.440][INFO]: [1d88d04bd3bde031f168f5b63152518c] RESPONSE ExecuteScript true
[1773332935.441][INFO]: [1d88d04bd3bde031f168f5b63152518c] COMMAND IsElementEnabled {
   "id": "f.07D6AA562BB646E8E62464526E4E3A93.d.67982D4F217A82271E66B5E68370EAFC.e.392"
}
[1773332935.441][INFO]: Waiting for pending navigations...
[1773332935.441][INFO]: Done waiting for pending navigations. Status: ok
[1773332935.443][INFO]: Waiting for pending navigations...
[1773332935.443][INFO]: Done waiting for pending navigations. Status: ok
[1773332935.443][INFO]: [1d88d04bd3bde031f168f5b63152518c] RESPONSE IsElementEnabled true
[1773332935.444][INFO]: [1d88d04bd3bde031f168f5b63152518c] COMMAND ClickElement {
   "id": "f.07D6AA562BB646E8E62464526E4E3A93.d.67982D4F217A82271E66B5E68370EAFC.e.392"
}
[1773332935.444][INFO]: Waiting for pending navigations...
[1773332935.444][INFO]: Done waiting for pending navigations. Status: ok
[1773332935.473][INFO]: Waiting for pending navigations...
[1773332935.475][INFO]: Done waiting for pending navigations. Status: ok
[1773332935.475][INFO]: [1d88d04bd3bde031f168f5b63152518c] RESPONSE ClickElement
[1773332935.476][INFO]: [1d88d04bd3bde031f168f5b63152518c] COMMAND FindElements {
   "using": "xpath",
   "value": "//div[contains(@class,'MKiFS6')]"
}
[1773332935.476][INFO]: Waiting for pending navigations...
[1773332935.477][INFO]: Done waiting for pending navigations. Status: ok
[1773332935.480][INFO]: Waiting for pending navigations...
[1773332935.481][INFO]: Done waiting for pending navigations. Status: ok
[1773332935.481][INFO]: [1d88d04bd3bde031f168f5b63152518c] RESPONSE FindElements [ {
   "element-6066-11e4-a52e-4f735466cecf": "f.07D6AA562BB646E8E62464526E4E3A93.d.67982D4F217A82271E66B5E68370EAFC.e.393"
}, {
   "element-6066-11e4-a52e-4f735466cecf": "f.07D6AA562BB646E8E62464526E4E3A93.d.67982D4F217A82271E66B5E68370EAFC.e.394"
}, {
   "element-6066-11e4-a52e-4f735466cecf": "f.07D6AA562BB646E8E62464526E4E3A93.d.67982D4F217A82271E66B5E68370EAFC.e.395"
}, {
   "element-6066-11e4-a52e-4f735466cecf": "f.07D6AA562BB646E8E62464526E4E3A93.d.67982D4F217A82271E66B5E68370EAFC.e.396"
}, {
   "element-6066-11e4-a52e-4f735466cecf": "f.07D6AA562BB646E8E62464526E4E3A93.d.67982D4F217A82271E66B5E68370EAFC.e.397"
}, {
   "element-6066-11e4-a52e-4f735466cecf": "f.07D6AA562BB646E8E62464526E4E3A93.d.67982D4F217A82271E66B5E68370EAFC.e.398"
}, {
   "element-6066-11e4-a52e-4f735466cecf": "f.07D6AA562BB646E8E62464526E4E3A93.d.67982D4F217A82271E66B5E68370EAFC.e.399"
}, {
   "element-6066-11e4-a52e-4f735466cecf": "f.07D6AA562BB646E8E62464526E4E3A93.d.67982D4F217A82271E66B5E68370EAFC.e.400"
}, {
   "element-6066-11e4-a52e-4f735466cecf": "f.07D6AA562BB646E8E62464526E4E3A93.d.67982D4F217A82271E66B5E68370EAFC.e.401"
}, {
   "element-6066-11e4-a52e-4f735466cecf": "f.07D6AA562BB646E8E62464526E4E3A93.d.67982D4F217A82271E66B5E68370EAFC.e.402"
}, {
   "element-6066-11e4-a52e-4f735466cecf": "f.07D6AA562BB646E8E62464526E4E3A93.d.67982D4F217A82271E66B5E68370EAFC.e.403"
}, {
   "element-6066-11e4-a52e-4f735466cecf": "f.07D6AA562BB646E8E62464526E4E3A93.d.67982D4F217A82271E66B5E68370EAFC.e.404"
}, {
   "element-6066-11e4-a52e-4f735466cecf": "f.07D6AA562BB646E8E62464526E4E3A93.d.67982D4F217A82271E66B5E68370EAFC.e.405"
}, {
   "element-6066-11e4-a52e-4f735466cecf": "f.07D6AA562BB646E8E62464526E4E3A93.d.67982D4F217A82271E66B5E68370EAFC.e.406"
}, {
   "element-6066-11e4-a52e-4f735466cecf": "f.07D6AA562BB646E8E62464526E4E3A93.d.67982D4F217A82271E66B5E68370EAFC.e.407"
}, {
   "element-6066-11e4-a52e-4f735466cecf": "f.07D6AA562BB646E8E62464526E4E3A93.d.67982D4F217A82271E66B5E68370EAFC.e.408"
}, {
   "element-6066-11e4-a52e-4f735466cecf": "f.07D6AA562BB646E8E62464526E4E3A93.d.67982D4F217A82271E66B5E68370EAFC.e.409"
}, {
   "element-6066-11e4-a52e-4f735466cecf": "f.07D6AA562BB646E8E62464526E4E3A93.d.67982D4F217A82271E66B5E68370EAFC.e.410"
}, {
   "element-6066-11e4-a52e-4f735466cecf": "f.07D6AA562BB646E8E62464526E4E3A93.d.67982D4F217A82271E66B5E68370EAFC.e.411"
}, "..." ]
[1773332935.482][INFO]: [1d88d04bd3bde031f168f5b63152518c] COMMAND GetElementText {
   "id": "f.07D6AA562BB646E8E62464526E4E3A93.d.67982D4F217A82271E66B5E68370EAFC.e.393"
}
[1773332935.482][INFO]: Waiting for pending navigations...
[1773332935.482][INFO]: Done waiting for pending navigations. Status: ok
[1773332935.486][INFO]: Waiting for pending navigations...
[1773332935.487][INFO]: Done waiting for pending navigations. Status: ok
[1773332935.487][INFO]: [1d88d04bd3bde031f168f5b63152518c] RESPONSE GetElementText "4.3"
[1773332935.488][INFO]: [1d88d04bd3bde031f168f5b63152518c] COMMAND GetElementText {
   "id": "f.07D6AA562BB646E8E62464526E4E3A93.d.67982D4F217A82271E66B5E68370EAFC.e.394"
}
[1773332935.488][INFO]: Waiting for pending navigations...
[1773332935.488][INFO]: Done waiting for pending navigations. Status: ok
[1773332935.490][INFO]: Waiting for pending navigations...
[1773332935.490][INFO]: Done waiting for pending navigations. Status: ok
[1773332935.490][INFO]: [1d88d04bd3bde031f168f5b63152518c] RESPONSE GetElementText "4.2"
[1773332935.491][INFO]: [1d88d04bd3bde031f168f5b63152518c] COMMAND GetElementText {
   "id": "f.07D6AA562BB646E8E62464526E4E3A93.d.67982D4F217A82271E66B5E68370EAFC.e.395"
}
[1773332935.491][INFO]: Waiting for pending navigations...
[1773332935.491][INFO]: Done waiting for pending navigations. Status: ok
[1773332935.496][INFO]: Waiting for pending navigations...
[1773332935.496][INFO]: Done waiting for pending navigations. Status: ok
[1773332935.496][INFO]: [1d88d04bd3bde031f168f5b63152518c] RESPONSE GetElementText "4.1"
[1773332935.497][INFO]: [1d88d04bd3bde031f168f5b63152518c] COMMAND GetElementText {
   "id": "f.07D6AA562BB646E8E62464526E4E3A93.d.67982D4F217A82271E66B5E68370EAFC.e.396"
}
[1773332935.497][INFO]: Waiting for pending navigations...
[1773332935.497][INFO]: Done waiting for pending navigations. Status: ok
[1773332935.498][INFO]: Waiting for pending navigations...
[1773332935.499][INFO]: Done waiting for pending navigations. Status: ok
[1773332935.499][INFO]: [1d88d04bd3bde031f168f5b63152518c] RESPONSE GetElementText "4.2"
[1773332935.499][INFO]: [1d88d04bd3bde031f168f5b63152518c] COMMAND GetElementText {
   "id": "f.07D6AA562BB646E8E62464526E4E3A93.d.67982D4F217A82271E66B5E68370EAFC.e.397"
}
[1773332935.499][INFO]: Waiting for pending navigations...
[1773332935.499][INFO]: Done waiting for pending navigations. Status: ok
[1773332935.501][INFO]: Waiting for pending navigations...
[1773332935.502][INFO]: Done waiting for pending navigations. Status: ok
[1773332935.502][INFO]: [1d88d04bd3bde031f168f5b63152518c] RESPONSE GetElementText "4.5"
[1773332935.502][INFO]: [1d88d04bd3bde031f168f5b63152518c] COMMAND GetElementText {
   "id": "f.07D6AA562BB646E8E62464526E4E3A93.d.67982D4F217A82271E66B5E68370EAFC.e.398"
}
[1773332935.502][INFO]: Waiting for pending navigations...
[1773332935.503][INFO]: Done waiting for pending navigations. Status: ok
[1773332935.504][INFO]: Waiting for pending navigations...
[1773332935.504][INFO]: Done waiting for pending navigations. Status: ok
[1773332935.504][INFO]: [1d88d04bd3bde031f168f5b63152518c] RESPONSE GetElementText "4.3"
[1773332935.505][INFO]: [1d88d04bd3bde031f168f5b63152518c] COMMAND GetElementText {
   "id": "f.07D6AA562BB646E8E62464526E4E3A93.d.67982D4F217A82271E66B5E68370EAFC.e.399"
}
[1773332935.505][INFO]: Waiting for pending navigations...
[1773332935.505][INFO]: Done waiting for pending navigations. Status: ok
[1773332935.507][INFO]: Waiting for pending navigations...
[1773332935.507][INFO]: Done waiting for pending navigations. Status: ok
[1773332935.507][INFO]: [1d88d04bd3bde031f168f5b63152518c] RESPONSE GetElementText "4.3"
[1773332935.507][INFO]: [1d88d04bd3bde031f168f5b63152518c] COMMAND GetElementText {
   "id": "f.07D6AA562BB646E8E62464526E4E3A93.d.67982D4F217A82271E66B5E68370EAFC.e.400"
}
[1773332935.507][INFO]: Waiting for pending navigations...
[1773332935.507][INFO]: Done waiting for pending navigations. Status: ok
[1773332935.509][INFO]: Waiting for pending navigations...
[1773332935.509][INFO]: Done waiting for pending navigations. Status: ok
[1773332935.509][INFO]: [1d88d04bd3bde031f168f5b63152518c] RESPONSE GetElementText "4.2"
[1773332935.510][INFO]: [1d88d04bd3bde031f168f5b63152518c] COMMAND GetElementText {
   "id": "f.07D6AA562BB646E8E62464526E4E3A93.d.67982D4F217A82271E66B5E68370EAFC.e.401"
}
[1773332935.510][INFO]: Waiting for pending navigations...
[1773332935.510][INFO]: Done waiting for pending navigations. Status: ok
[1773332935.511][INFO]: Waiting for pending navigations...
[1773332935.512][INFO]: Done waiting for pending navigations. Status: ok
[1773332935.512][INFO]: [1d88d04bd3bde031f168f5b63152518c] RESPONSE GetElementText "4.4"
[1773332935.512][INFO]: [1d88d04bd3bde031f168f5b63152518c] COMMAND GetElementText {
   "id": "f.07D6AA562BB646E8E62464526E4E3A93.d.67982D4F217A82271E66B5E68370EAFC.e.402"
}
[1773332935.512][INFO]: Waiting for pending navigations...
[1773332935.512][INFO]: Done waiting for pending navigations. Status: ok
[1773332935.514][INFO]: Waiting for pending navigations...
[1773332935.514][INFO]: Done waiting for pending navigations. Status: ok
[1773332935.514][INFO]: [1d88d04bd3bde031f168f5b63152518c] RESPONSE GetElementText "4.4"
[1773332935.515][INFO]: [1d88d04bd3bde031f168f5b63152518c] COMMAND GetElementText {
   "id": "f.07D6AA562BB646E8E62464526E4E3A93.d.67982D4F217A82271E66B5E68370EAFC.e.403"
}
[1773332935.515][INFO]: Waiting for pending navigations...
[1773332935.515][INFO]: Done waiting for pending navigations. Status: ok
[1773332935.516][INFO]: Waiting for pending navigations...
[1773332935.516][INFO]: Done waiting for pending navigations. Status: ok
[1773332935.516][INFO]: [1d88d04bd3bde031f168f5b63152518c] RESPONSE GetElementText "4.1"
[1773332935.517][INFO]: [1d88d04bd3bde031f168f5b63152518c] COMMAND GetElementText {
   "id": "f.07D6AA562BB646E8E62464526E4E3A93.d.67982D4F217A82271E66B5E68370EAFC.e.404"
}
[1773332935.517][INFO]: Waiting for pending navigations...
[1773332935.517][INFO]: Done waiting for pending navigations. Status: ok
[1773332935.519][INFO]: Waiting for pending navigations...
[1773332935.519][INFO]: Done waiting for pending navigations. Status: ok
[1773332935.519][INFO]: [1d88d04bd3bde031f168f5b63152518c] RESPONSE GetElementText "4.3"
[1773332935.520][INFO]: [1d88d04bd3bde031f168f5b63152518c] COMMAND GetElementText {
   "id": "f.07D6AA562BB646E8E62464526E4E3A93.d.67982D4F217A82271E66B5E68370EAFC.e.405"
}
[1773332935.520][INFO]: Waiting for pending navigations...
[1773332935.520][INFO]: Done waiting for pending navigations. Status: ok
[1773332935.522][INFO]: Waiting for pending navigations...
[1773332935.523][INFO]: Done waiting for pending navigations. Status: ok
[1773332935.524][INFO]: [1d88d04bd3bde031f168f5b63152518c] RESPONSE GetElementText "4.3"
[1773332935.524][INFO]: [1d88d04bd3bde031f168f5b63152518c] COMMAND GetElementText {
   "id": "f.07D6AA562BB646E8E62464526E4E3A93.d.67982D4F217A82271E66B5E68370EAFC.e.406"
}
[1773332935.524][INFO]: Waiting for pending navigations...
[1773332935.524][INFO]: Done waiting for pending navigations. Status: ok
[1773332935.526][INFO]: Waiting for pending navigations...
[1773332935.526][INFO]: Done waiting for pending navigations. Status: ok
[1773332935.526][INFO]: [1d88d04bd3bde031f168f5b63152518c] RESPONSE GetElementText "3.9"
[1773332935.527][INFO]: [1d88d04bd3bde031f168f5b63152518c] COMMAND GetElementText {
   "id": "f.07D6AA562BB646E8E62464526E4E3A93.d.67982D4F217A82271E66B5E68370EAFC.e.407"
}
[1773332935.527][INFO]: Waiting for pending navigations...
[1773332935.527][INFO]: Done waiting for pending navigations. Status: ok
[1773332935.529][INFO]: Waiting for pending navigations...
[1773332935.529][INFO]: Done waiting for pending navigations. Status: ok
[1773332935.529][INFO]: [1d88d04bd3bde031f168f5b63152518c] RESPONSE GetElementText "4.5"
[1773332935.529][INFO]: [1d88d04bd3bde031f168f5b63152518c] COMMAND GetElementText {
   "id": "f.07D6AA562BB646E8E62464526E4E3A93.d.67982D4F217A82271E66B5E68370EAFC.e.408"
}
[1773332935.529][INFO]: Waiting for pending navigations...
[1773332935.530][INFO]: Done waiting for pending navigations. Status: ok
[1773332935.531][INFO]: Waiting for pending navigations...
[1773332935.531][INFO]: Done waiting for pending navigations. Status: ok
[1773332935.531][INFO]: [1d88d04bd3bde031f168f5b63152518c] RESPONSE GetElementText "4.3"
[1773332935.532][INFO]: [1d88d04bd3bde031f168f5b63152518c] COMMAND GetElementText {
   "id": "f.07D6AA562BB646E8E62464526E4E3A93.d.67982D4F217A82271E66B5E68370EAFC.e.409"
}
[1773332935.532][INFO]: Waiting for pending navigations...
[1773332935.532][INFO]: Done waiting for pending navigations. Status: ok
[1773332935.534][INFO]: Waiting for pending navigations...
[1773332935.534][INFO]: Done waiting for pending navigations. Status: ok
[1773332935.534][INFO]: [1d88d04bd3bde031f168f5b63152518c] RESPONSE GetElementText "4.3"
[1773332935.534][INFO]: [1d88d04bd3bde031f168f5b63152518c] COMMAND GetElementText {
   "id": "f.07D6AA562BB646E8E62464526E4E3A93.d.67982D4F217A82271E66B5E68370EAFC.e.410"
}
[1773332935.534][INFO]: Waiting for pending navigations...
[1773332935.535][INFO]: Done waiting for pending navigations. Status: ok
[1773332935.536][INFO]: Waiting for pending navigations...
[1773332935.537][INFO]: Done waiting for pending navigations. Status: ok
[1773332935.537][INFO]: [1d88d04bd3bde031f168f5b63152518c] RESPONSE GetElementText "4.4"
[1773332935.537][INFO]: [1d88d04bd3bde031f168f5b63152518c] COMMAND GetElementText {
   "id": "f.07D6AA562BB646E8E62464526E4E3A93.d.67982D4F217A82271E66B5E68370EAFC.e.411"
}
[1773332935.537][INFO]: Waiting for pending navigations...
[1773332935.537][INFO]: Done waiting for pending navigations. Status: ok
[1773332935.539][INFO]: Waiting for pending navigations...
[1773332935.539][INFO]: Done waiting for pending navigations. Status: ok
[1773332935.539][INFO]: [1d88d04bd3bde031f168f5b63152518c] RESPONSE GetElementText "4.3"
[1773332935.540][INFO]: [1d88d04bd3bde031f168f5b63152518c] COMMAND GetElementText {
   "id": "f.07D6AA562BB646E8E62464526E4E3A93.d.67982D4F217A82271E66B5E68370EAFC.e.412"
}
[1773332935.540][INFO]: Waiting for pending navigations...
[1773332935.540][INFO]: Done waiting for pending navigations. Status: ok
[1773332935.542][INFO]: Waiting for pending navigations...
[1773332935.542][INFO]: Done waiting for pending navigations. Status: ok
[1773332935.542][INFO]: [1d88d04bd3bde031f168f5b63152518c] RESPONSE GetElementText "4.2"
[1773332935.542][INFO]: [1d88d04bd3bde031f168f5b63152518c] COMMAND GetElementText {
   "id": "f.07D6AA562BB646E8E62464526E4E3A93.d.67982D4F217A82271E66B5E68370EAFC.e.413"
}
[1773332935.542][INFO]: Waiting for pending navigations...
[1773332935.543][INFO]: Done waiting for pending navigations. Status: ok
[1773332935.544][INFO]: Waiting for pending navigations...
[1773332935.544][INFO]: Done waiting for pending navigations. Status: ok
[1773332935.544][INFO]: [1d88d04bd3bde031f168f5b63152518c] RESPONSE GetElementText "4.1"
[1773332935.545][INFO]: [1d88d04bd3bde031f168f5b63152518c] COMMAND GetElementText {
   "id": "f.07D6AA562BB646E8E62464526E4E3A93.d.67982D4F217A82271E66B5E68370EAFC.e.414"
}
[1773332935.545][INFO]: Waiting for pending navigations...
[1773332935.545][INFO]: Done waiting for pending navigations. Status: ok
[1773332935.547][INFO]: Waiting for pending navigations...
[1773332935.547][INFO]: Done waiting for pending navigations. Status: ok
[1773332935.547][INFO]: [1d88d04bd3bde031f168f5b63152518c] RESPONSE GetElementText "4.4"
[1773332935.547][INFO]: [1d88d04bd3bde031f168f5b63152518c] COMMAND GetElementText {
   "id": "f.07D6AA562BB646E8E62464526E4E3A93.d.67982D4F217A82271E66B5E68370EAFC.e.415"
}
[1773332935.547][INFO]: Waiting for pending navigations...
[1773332935.547][INFO]: Done waiting for pending navigations. Status: ok
[1773332935.549][INFO]: Waiting for pending navigations...
[1773332935.549][INFO]: Done waiting for pending navigations. Status: ok
[1773332935.549][INFO]: [1d88d04bd3bde031f168f5b63152518c] RESPONSE GetElementText "4.3"
[1773332935.550][INFO]: [1d88d04bd3bde031f168f5b63152518c] COMMAND GetElementText {
   "id": "f.07D6AA562BB646E8E62464526E4E3A93.d.67982D4F217A82271E66B5E68370EAFC.e.416"
}
[1773332935.550][INFO]: Waiting for pending navigations...
[1773332935.550][INFO]: Done waiting for pending navigations. Status: ok
[1773332935.552][INFO]: Waiting for pending navigations...
[1773332935.552][INFO]: Done waiting for pending navigations. Status: ok
[1773332935.552][INFO]: [1d88d04bd3bde031f168f5b63152518c] RESPONSE GetElementText "3.9"
[1773332935.552][INFO]: [1d88d04bd3bde031f168f5b63152518c] COMMAND GetElementText {
   "id": "f.07D6AA562BB646E8E62464526E4E3A93.d.67982D4F217A82271E66B5E68370EAFC.e.417"
}
[1773332935.552][INFO]: Waiting for pending navigations...
[1773332935.553][INFO]: Done waiting for pending navigations. Status: ok
[1773332935.554][INFO]: Waiting for pending navigations...
[1773332935.554][INFO]: Done waiting for pending navigations. Status: ok
[1773332935.554][INFO]: [1d88d04bd3bde031f168f5b63152518c] RESPONSE GetElementText "4"
[1773332935.555][INFO]: [1d88d04bd3bde031f168f5b63152518c] COMMAND GetElementText {
   "id": "f.07D6AA562BB646E8E62464526E4E3A93.d.67982D4F217A82271E66B5E68370EAFC.e.418"
}
[1773332935.555][INFO]: Waiting for pending navigations...
[1773332935.555][INFO]: Done waiting for pending navigations. Status: ok
[1773332935.557][INFO]: Waiting for pending navigations...
[1773332935.557][INFO]: Done waiting for pending navigations. Status: ok
[1773332935.557][INFO]: [1d88d04bd3bde031f168f5b63152518c] RESPONSE GetElementText "5"
[1773332935.557][INFO]: [1d88d04bd3bde031f168f5b63152518c] COMMAND GetElementText {
   "id": "f.07D6AA562BB646E8E62464526E4E3A93.d.67982D4F217A82271E66B5E68370EAFC.e.419"
}
[1773332935.557][INFO]: Waiting for pending navigations...
[1773332935.557][INFO]: Done waiting for pending navigations. Status: ok
[1773332935.559][INFO]: Waiting for pending navigations...
[1773332935.559][INFO]: Done waiting for pending navigations. Status: ok
[1773332935.559][INFO]: [1d88d04bd3bde031f168f5b63152518c] RESPONSE GetElementText "4.5"
[1773332935.560][INFO]: [1d88d04bd3bde031f168f5b63152518c] COMMAND GetElementText {
   "id": "f.07D6AA562BB646E8E62464526E4E3A93.d.67982D4F217A82271E66B5E68370EAFC.e.420"
}
[1773332935.560][INFO]: Waiting for pending navigations...
[1773332935.560][INFO]: Done waiting for pending navigations. Status: ok
[1773332935.561][INFO]: Waiting for pending navigations...
[1773332935.562][INFO]: Done waiting for pending navigations. Status: ok
[1773332935.562][INFO]: [1d88d04bd3bde031f168f5b63152518c] RESPONSE GetElementText "5"
[1773332935.562][INFO]: [1d88d04bd3bde031f168f5b63152518c] COMMAND GetElementText {
   "id": "f.07D6AA562BB646E8E62464526E4E3A93.d.67982D4F217A82271E66B5E68370EAFC.e.421"
}
[1773332935.562][INFO]: Waiting for pending navigations...
[1773332935.562][INFO]: Done waiting for pending navigations. Status: ok
[1773332935.564][INFO]: Waiting for pending navigations...
[1773332935.564][INFO]: Done waiting for pending navigations. Status: ok
[1773332935.564][INFO]: [1d88d04bd3bde031f168f5b63152518c] RESPONSE GetElementText "4"
[1773332935.564][INFO]: [1d88d04bd3bde031f168f5b63152518c] COMMAND GetElementText {
   "id": "f.07D6AA562BB646E8E62464526E4E3A93.d.67982D4F217A82271E66B5E68370EAFC.e.422"
}
[1773332935.564][INFO]: Waiting for pending navigations...
[1773332935.564][INFO]: Done waiting for pending navigations. Status: ok
[1773332935.566][INFO]: Waiting for pending navigations...
[1773332935.566][INFO]: Done waiting for pending navigations. Status: ok
[1773332935.566][INFO]: [1d88d04bd3bde031f168f5b63152518c] RESPONSE GetElementText "4.3"
[1773332935.567][INFO]: [1d88d04bd3bde031f168f5b63152518c] COMMAND GetElementText {
   "id": "f.07D6AA562BB646E8E62464526E4E3A93.d.67982D4F217A82271E66B5E68370EAFC.e.423"
}
[1773332935.567][INFO]: Waiting for pending navigations...
[1773332935.567][INFO]: Done waiting for pending navigations. Status: ok
[1773332935.569][INFO]: Waiting for pending navigations...
[1773332935.569][INFO]: Done waiting for pending navigations. Status: ok
[1773332935.569][INFO]: [1d88d04bd3bde031f168f5b63152518c] RESPONSE GetElementText "5"
[1773332935.569][INFO]: [1d88d04bd3bde031f168f5b63152518c] COMMAND GetElementText {
   "id": "f.07D6AA562BB646E8E62464526E4E3A93.d.67982D4F217A82271E66B5E68370EAFC.e.424"
}
[1773332935.569][INFO]: Waiting for pending navigations...
[1773332935.570][INFO]: Done waiting for pending navigations. Status: ok
[1773332935.571][INFO]: Waiting for pending navigations...
[1773332935.571][INFO]: Done waiting for pending navigations. Status: ok
[1773332935.571][INFO]: [1d88d04bd3bde031f168f5b63152518c] RESPONSE GetElementText "1"
[1773332935.572][INFO]: [1d88d04bd3bde031f168f5b63152518c] COMMAND GetElementText {
   "id": "f.07D6AA562BB646E8E62464526E4E3A93.d.67982D4F217A82271E66B5E68370EAFC.e.425"
}
[1773332935.572][INFO]: Waiting for pending navigations...
[1773332935.572][INFO]: Done waiting for pending navigations. Status: ok
[1773332935.573][INFO]: Waiting for pending navigations...
[1773332935.574][INFO]: Done waiting for pending navigations. Status: ok
[1773332935.574][INFO]: [1d88d04bd3bde031f168f5b63152518c] RESPONSE GetElementText "4.3"
[1773332935.574][INFO]: [1d88d04bd3bde031f168f5b63152518c] COMMAND GetElementText {
   "id": "f.07D6AA562BB646E8E62464526E4E3A93.d.67982D4F217A82271E66B5E68370EAFC.e.426"
}
[1773332935.574][INFO]: Waiting for pending navigations...
[1773332935.574][INFO]: Done waiting for pending navigations. Status: ok
[1773332935.576][INFO]: Waiting for pending navigations...
[1773332935.576][INFO]: Done waiting for pending navigations. Status: ok
[1773332935.576][INFO]: [1d88d04bd3bde031f168f5b63152518c] RESPONSE GetElementText "4"
[1773332935.576][INFO]: [1d88d04bd3bde031f168f5b63152518c] COMMAND GetElementText {
   "id": "f.07D6AA562BB646E8E62464526E4E3A93.d.67982D4F217A82271E66B5E68370EAFC.e.427"
}
[1773332935.576][INFO]: Waiting for pending navigations...
[1773332935.576][INFO]: Done waiting for pending navigations. Status: ok
[1773332935.578][INFO]: Waiting for pending navigations...
[1773332935.578][INFO]: Done waiting for pending navigations. Status: ok
[1773332935.578][INFO]: [1d88d04bd3bde031f168f5b63152518c] RESPONSE GetElementText "5"
[1773332935.579][INFO]: [1d88d04bd3bde031f168f5b63152518c] COMMAND GetElementText {
   "id": "f.07D6AA562BB646E8E62464526E4E3A93.d.67982D4F217A82271E66B5E68370EAFC.e.428"
}
[1773332935.579][INFO]: Waiting for pending navigations...
[1773332935.579][INFO]: Done waiting for pending navigations. Status: ok
[1773332935.580][INFO]: Waiting for pending navigations...
[1773332935.580][INFO]: Done waiting for pending navigations. Status: ok
[1773332935.580][INFO]: [1d88d04bd3bde031f168f5b63152518c] RESPONSE GetElementText "4.3"
[1773332935.581][INFO]: [1d88d04bd3bde031f168f5b63152518c] COMMAND GetElementText {
   "id": "f.07D6AA562BB646E8E62464526E4E3A93.d.67982D4F217A82271E66B5E68370EAFC.e.429"
}
[1773332935.581][INFO]: Waiting for pending navigations...
[1773332935.581][INFO]: Done waiting for pending navigations. Status: ok
[1773332935.582][INFO]: Waiting for pending navigations...
[1773332935.583][INFO]: Done waiting for pending navigations. Status: ok
[1773332935.583][INFO]: [1d88d04bd3bde031f168f5b63152518c] RESPONSE GetElementText "5"
[1773332935.583][INFO]: [1d88d04bd3bde031f168f5b63152518c] COMMAND GetElementText {
   "id": "f.07D6AA562BB646E8E62464526E4E3A93.d.67982D4F217A82271E66B5E68370EAFC.e.430"
}
[1773332935.583][INFO]: Waiting for pending navigations...
[1773332935.583][INFO]: Done waiting for pending navigations. Status: ok
[1773332935.585][INFO]: Waiting for pending navigations...
[1773332935.585][INFO]: Done waiting for pending navigations. Status: ok
[1773332935.585][INFO]: [1d88d04bd3bde031f168f5b63152518c] RESPONSE GetElementText "5"
[1773332935.586][INFO]: [1d88d04bd3bde031f168f5b63152518c] COMMAND Navigate {
   "url": "https://www.flipkart.com"
}
[1773332935.587][INFO]: Waiting for pending navigations...
[1773332935.587][INFO]: Done waiting for pending navigations. Status: ok
[1773332935.832][INFO]: Waiting for pending navigations...
[1773332940.597][INFO]: Done waiting for pending navigations. Status: ok
[1773332940.597][INFO]: [1d88d04bd3bde031f168f5b63152518c] RESPONSE Navigate
[1773332940.599][INFO]: [1d88d04bd3bde031f168f5b63152518c] COMMAND FindElement {
   "using": "css selector",
   "value": "*[name='q']"
}
[1773332940.599][INFO]: Waiting for pending navigations...
[1773332940.603][INFO]: Done waiting for pending navigations. Status: ok
[1773332940.607][INFO]: Waiting for pending navigations...
[1773332940.607][INFO]: Done waiting for pending navigations. Status: ok
[1773332940.607][INFO]: [1d88d04bd3bde031f168f5b63152518c] RESPONSE FindElement {
   "element-6066-11e4-a52e-4f735466cecf": "f.07D6AA562BB646E8E62464526E4E3A93.d.34B1838DA59FC243C71D5FB5F3BEC6B3.e.514"
}
[1773332940.610][INFO]: [1d88d04bd3bde031f168f5b63152518c] COMMAND ExecuteScript {
   "args": [ {
      "element-6066-11e4-a52e-4f735466cecf": "f.07D6AA562BB646E8E62464526E4E3A93.d.34B1838DA59FC243C71D5FB5F3BEC6B3.e.514"
   } ],
   "script": "/* isDisplayed */return (function(){return (function(){var g=this||self;\nfunction aa(a){var b=typeof a;if(\"object\"==b)if(a){if(a instanceof Array)return\"array\";if(a instanceof Object)return b;var c=Object.prototype.toString.call(a);if(\"[object Window]\"==c)return\"object\";if(\"[object Array]\"==c||\"number\"==typeof a.length&&\"undefined\"!=typeof a.splice&&\"undefined\"!=typeof a.propertyIsEnumerable&&!a.propertyIsEnumerable(\"splice\"))return\"array\";if(\"[object Function]\"==c||\"undefined\"!=typeof a.call&&\"undefined\"!=typeof a.propertyIsEnumerable&&!a.propertyIsEnumerable(\"call\"))return\"function\"}else return\"null\";else if(\"function\"==\nb&&\"undefined\"==typeof a.call)return\"object\";return b}function ca(a,b){function c(){}c.prototype=b.prototype;a.prototype=new c;a.prototype.constructor=a};var da=Array.prototype.indexOf?function(a,b){return Array.prototype.indexOf.call(a,b,void 0)}:function(a,b){if(\"string\"===typeof a)return\"string\"!==typeof b||1!=b.length?-1:a.indexOf(b,0);for(var c=0;c\u003Ca.length;c++)if(c in a&&a[c]===b)return c;return-1},ea=Array.prototype.some?function(a,b){return Array.prototype.some.call(a,b,void 0)}:function(a,b){for(var c=a.length,e=\"string\"===typeof a?a.split(\"\"):a,d=0;d\u003Cc;d++)if(d in e&&b.call(void 0,e[d],d,a))return!0;return!1},fa=Array.prototype.every?function(a,\nb){return Array.prototype.every.call(a,b,void 0)}:function(a,b){for(var c=a.length,e=\"string\"===typeof a?a.split(\"\"):a,d=0;d\u003Cc;d++)if(d in e&&!b.call(void 0,e[d],d,a))return!1;return!0};var ha={aliceblue:\"#f0f8ff\",antiquewhite:\"#faebd7\",aqua:\"#00ffff\",aquamarine:\"#7fffd4\",azure:\"#f0ffff\",beige:\"#f5f5dc\",bisque:\"#ffe4c4\",black:\"#000000\",blanchedalmond:\"#ffebcd\",blue:\"#0000ff\",blueviolet:\"#8a2be2\",brown:\"#a52a2a\",burlywood:\"#deb887\",cadetblue:\"#5f9ea0\",chartreuse:\"#7fff00\",chocolate:\"#d2691e\",coral:\"#ff7f50\",cornflowerblue:\"#6495ed\",cornsilk:\"#fff8dc\",crimson:\"#dc143c\",cyan:\"#00ffff\",darkblue:\"#00008b\",darkcyan:\"#008b8b\",darkgoldenrod:\"#b8860b\",darkgray:\"#a9a9a9\",darkgreen:\"#006400\",\ndarkgrey:\"#a9a9a9\",darkkhaki:\"#bdb76b\",darkmagenta:\"#8b008b\",darkolivegreen:\"#556b2f\",darkorange:\"#ff8c00\",darkorchid:\"#9932cc\",darkred:\"#8b0000\",darksalmon:\"#e9967a\",darkseagreen:\"#8fbc8f\",darkslateblue:\"#483d8b\",darkslategray:\"#2f4f4f\",darkslategrey:\"#2f4f4f\",darkturquoise:\"#00ced1\",darkviolet:\"#9400d3\",deeppink:\"#ff1493\",deepskyblue:\"#00bfff\",dimgray:\"#696969\",dimgrey:\"#696969\",dodgerblue:\"#1e90ff\",firebrick:\"#b22222\",floralwhite:\"#fffaf0\",forestgreen:\"#228b22\",fuchsia:\"#ff00ff\",gainsboro:\"#dcdcdc\",\nghostwhite:\"#f8f8ff\",gold:\"#ffd700\",goldenrod:\"#daa520\",gray:\"#808080\",green:\"#008000\",greenyellow:\"#adff2f\",grey:\"#808080\",honeydew:\"#f0fff0\",hotpink:\"#ff69b4\",indianred:\"#cd5c5c\",indigo:\"#4b0082\",ivory:\"#fffff0\",khaki:\"#f0e68c\",lavender:\"#e6e6fa\",lavenderblush:\"#fff0f5\",lawngreen:\"#7cfc00\",lemonchiffon:\"#fffacd\",lightblue:\"#add8e6\",lightcoral:\"#f08080\",lightcyan:\"#e0ffff\",lightgoldenrodyellow:\"#fafad2\",lightgray:\"#d3d3d3\",lightgreen:\"#90ee90\",lightgrey:\"#d3d3d3\",lightpink:\"#ffb6c1\",lightsalmon:\"#ffa07a\",\nlightseagreen:\"#20b2aa\",lightskyblue:\"#87cefa\",lightslategray:\"#778899\",lightslategrey:\"#778899\",lightsteelblue:\"#b0c4de\",lightyellow:\"#ffffe0\",lime:\"#00ff00\",limegreen:\"#32cd32\",linen:\"#faf0e6\",magenta:\"#ff00ff\",maroon:\"#800000\",mediumaquamarine:\"#66cdaa\",mediumblue:\"#0000cd\",mediumorchid:\"#ba55d3\",mediumpurple:\"#9370db\",mediumseagreen:\"#3cb371\",mediumslateblue:\"#7b68ee\",mediumspringgreen:\"#00fa9a\",mediumturquoise:\"#48d1cc\",mediumvioletred:\"#c71585\",midnightblue:\"#191970\",mintcream:\"#f5fffa\",mistyrose:\"#ffe4e1\",\nmoccasin:\"#ffe4b5\",navajowhite:\"#ffdead\",navy:\"#000080\",oldlace:\"#fdf5e6\",olive:\"#808000\",olivedrab:\"#6b8e23\",orange:\"#ffa500\",orangered:\"#ff4500\",orchid:\"#da70d6\",palegoldenrod:\"#eee8aa\",palegreen:\"#98fb98\",paleturquoise:\"#afeeee\",palevioletred:\"#db7093\",papayawhip:\"#ffefd5\",peachpuff:\"#ffdab9\",peru:\"#cd853f\",pink:\"#ffc0cb\",plum:\"#dda0dd\",powderblue:\"#b0e0e6\",purple:\"#800080\",red:\"#ff0000\",rosybrown:\"#bc8f8f\",royalblue:\"#4169e1\",saddlebrown:\"#8b4513\",salmon:\"#fa8072\",sandybrown:\"#f4a460\",seagreen:\"#2e8b57\",\nseashell:\"#fff5ee\",sienna:\"#a0522d\",silver:\"#c0c0c0\",skyblue:\"#87ceeb\",slateblue:\"#6a5acd\",slategray:\"#708090\",slategrey:\"#708090\",snow:\"#fffafa\",springgreen:\"#00ff7f\",steelblue:\"#4682b4\",tan:\"#d2b48c\",teal:\"#008080\",thistle:\"#d8bfd8\",tomato:\"#ff6347\",turquoise:\"#40e0d0\",violet:\"#ee82ee\",wheat:\"#f5deb3\",white:\"#ffffff\",whitesmoke:\"#f5f5f5\",yellow:\"#ffff00\",yellowgreen:\"#9acd32\"};var ia=\"backgroundColor borderTopColor borderRightColor borderBottomColor borderLeftColor color outlineColor\".split(\" \"),ja=/#([0-9a-fA-F])([0-9a-fA-F])([0-9a-fA-F])/,ka=/^#(?:[0-9a-f]{3}){1,2}$/i,la=/^(?:rgba)?\\((\\d{1,3}),\\s?(\\d{1,3}),\\s?(\\d{1,3}),\\s?(0|1|0\\.\\d*)\\)$/i,ma=/^(?:rgb)?\\((0|[1-9]\\d{0,2}),\\s?(0|[1-9]\\d{0,2}),\\s?(0|[1-9]\\d{0,2})\\)$/i;function m(a,b){this.code=a;this.a=p[a]||r;this.message=b||\"\";a=this.a.replace(/((?:^|\\s+)[a-z])/g,function(c){return c.toUpperCase().replace(/^[\\s\\xa0]+/g,\"\")});b=a.length-5;if(0>b||a.indexOf(\"Error\",b)!=b)a+=\"Error\";this.name=a;a=Error(this.message);a.name=this.name;this.stack=a.stack||\"\"}ca(m,Error);var r=\"unknown error\",p={15:\"element not selectable\",11:\"element not visible\"};p[31]=r;p[30]=r;p[24]=\"invalid cookie domain\";p[29]=\"invalid element coordinates\";p[12]=\"invalid element state\";\np[32]=\"invalid selector\";p[51]=\"invalid selector\";p[52]=\"invalid selector\";p[17]=\"javascript error\";p[405]=\"unsupported operation\";p[34]=\"move target out of bounds\";p[27]=\"no such alert\";p[7]=\"no such element\";p[8]=\"no such frame\";p[23]=\"no such window\";p[28]=\"script timeout\";p[33]=\"session not created\";p[10]=\"stale element reference\";p[21]=\"timeout\";p[25]=\"unable to set cookie\";p[26]=\"unexpected alert open\";p[13]=r;p[9]=\"unknown command\";var u=String.prototype.trim?function(a){return a.trim()}:function(a){return/^[\\s\\xa0]*([\\s\\S]*?)[\\s\\xa0]*$/.exec(a)[1]};\nfunction na(a,b){var c=0;a=u(String(a)).split(\".\");b=u(String(b)).split(\".\");for(var e=Math.max(a.length,b.length),d=0;0==c&&d\u003Ce;d++){var f=a[d]||\"\",h=b[d]||\"\";do{f=/(\\d*)(\\D*)(.*)/.exec(f)||[\"\",\"\",\"\",\"\"];h=/(\\d*)(\\D*)(.*)/.exec(h)||[\"\",\"\",\"\",\"\"];if(0==f[0].length&&0==h[0].length)break;c=v(0==f[1].length?0:parseInt(f[1],10),0==h[1].length?0:parseInt(h[1],10))||v(0==f[2].length,0==h[2].length)||v(f[2],h[2]);f=f[3];h=h[3]}while(0==c)}return c}function v(a,b){return a\u003Cb?-1:a>b?1:0};var w;a:{var oa=g.navigator;if(oa){var sa=oa.userAgent;if(sa){w=sa;break a}}w=\"\"}function x(a){return-1!=w.indexOf(a)};function y(){return x(\"Firefox\")||x(\"FxiOS\")}function A(){return(x(\"Chrome\")||x(\"CriOS\"))&&!x(\"Edge\")};function ta(a){return String(a).replace(/\\-([a-z])/g,function(b,c){return c.toUpperCase()})};function B(){return x(\"iPhone\")&&!x(\"iPod\")&&!x(\"iPad\")};function ua(a,b){var c=va;return Object.prototype.hasOwnProperty.call(c,a)?c[a]:c[a]=b(a)};var wa=x(\"Opera\"),C=x(\"Trident\")||x(\"MSIE\"),xa=x(\"Edge\"),ya=x(\"Gecko\")&&!(-1!=w.toLowerCase().indexOf(\"webkit\")&&!x(\"Edge\"))&&!(x(\"Trident\")||x(\"MSIE\"))&&!x(\"Edge\"),za=-1!=w.toLowerCase().indexOf(\"webkit\")&&!x(\"Edge\");function Aa(){var a=g.document;return a?a.documentMode:void 0}var E;\na:{var F=\"\",G=function(){var a=w;if(ya)return/rv:([^\\);]+)(\\)|;)/.exec(a);if(xa)return/Edge\\/([\\d\\.]+)/.exec(a);if(C)return/\\b(?:MSIE|rv)[: ]([^\\);]+)(\\)|;)/.exec(a);if(za)return/WebKit\\/(\\S+)/.exec(a);if(wa)return/(?:Version)[ \\/]?(\\S+)/.exec(a)}();G&&(F=G?G[1]:\"\");if(C){var H=Aa();if(null!=H&&H>parseFloat(F)){E=String(H);break a}}E=F}var va={};function Ba(a){return ua(a,function(){return 0\u003C=na(E,a)})}var I;I=g.document&&C?Aa():void 0;var Ca=y(),Da=B()||x(\"iPod\"),Ea=x(\"iPad\"),Fa=x(\"Android\")&&!(A()||y()||x(\"Opera\")||x(\"Silk\")),Ga=A(),Ha=x(\"Safari\")&&!(A()||x(\"Coast\")||x(\"Opera\")||x(\"Edge\")||x(\"Edg/\")||x(\"OPR\")||y()||x(\"Silk\")||x(\"Android\"))&&!(B()||x(\"iPad\")||x(\"iPod\"));function J(a){return(a=a.exec(w))?a[1]:\"\"}(function(){if(Ca)return J(/Firefox\\/([0-9.]+)/);if(C||xa||wa)return E;if(Ga)return B()||x(\"iPad\")||x(\"iPod\")?J(/CriOS\\/([0-9.]+)/):J(/Chrome\\/([0-9.]+)/);if(Ha&&!(B()||x(\"iPad\")||x(\"iPod\")))return J(/Version\\/([0-9.]+)/);if(Da||Ea){var a=/Version\\/(\\S+).*Mobile\\/(\\S+)/.exec(w);if(a)return a[1]+\".\"+a[2]}else if(Fa)return(a=J(/Android\\s+([0-9.]+)/))?a:J(/Version\\/([0-9.]+)/);return\"\"})();var K;if(K=C)K=!(9\u003C=Number(I));var Ia=K;function L(a,b){this.x=void 0!==a?a:0;this.y=void 0!==b?b:0}L.prototype.ceil=function(){this.x=Math.ceil(this.x);this.y=Math.ceil(this.y);return this};L.prototype.floor=function(){this.x=Math.floor(this.x);this.y=Math.floor(this.y);return this};L.prototype.round=function(){this.x=Math.round(this.x);this.y=Math.round(this.y);return this};function M(a,b){this.width=a;this.height=b}M.prototype.aspectRatio=function(){return this.width/this.height};M.prototype.ceil=function(){this.width=Math.ceil(this.width);this.height=Math.ceil(this.height);return this};M.prototype.floor=function(){this.width=Math.floor(this.width);this.height=Math.floor(this.height);return this};M.prototype.round=function(){this.width=Math.round(this.width);this.height=Math.round(this.height);return this};function N(a){return 9==a.nodeType?a:a.ownerDocument||a.document}function Ja(a,b){a&&(a=a.parentNode);for(var c=0;a;){if(b(a))return a;a=a.parentNode;c++}return null}function Ka(a){this.a=a||g.document||document};function P(a,b){b&&\"string\"!==typeof b&&(b=b.toString());return!!a&&1==a.nodeType&&(!b||a.tagName.toUpperCase()==b)};function Q(a,b,c,e){this.f=a;this.a=b;this.b=c;this.c=e}Q.prototype.ceil=function(){this.f=Math.ceil(this.f);this.a=Math.ceil(this.a);this.b=Math.ceil(this.b);this.c=Math.ceil(this.c);return this};Q.prototype.floor=function(){this.f=Math.floor(this.f);this.a=Math.floor(this.a);this.b=Math.floor(this.b);this.c=Math.floor(this.c);return this};Q.prototype.round=function(){this.f=Math.round(this.f);this.a=Math.round(this.a);this.b=Math.round(this.b);this.c=Math.round(this.c);return this};function R(a,b,c,e){this.a=a;this.b=b;this.width=c;this.height=e}R.prototype.ceil=function(){this.a=Math.ceil(this.a);this.b=Math.ceil(this.b);this.width=Math.ceil(this.width);this.height=Math.ceil(this.height);return this};R.prototype.floor=function(){this.a=Math.floor(this.a);this.b=Math.floor(this.b);this.width=Math.floor(this.width);this.height=Math.floor(this.height);return this};\nR.prototype.round=function(){this.a=Math.round(this.a);this.b=Math.round(this.b);this.width=Math.round(this.width);this.height=Math.round(this.height);return this};var La=\"function\"===typeof ShadowRoot;function S(a){for(a=a.parentNode;a&&1!=a.nodeType&&9!=a.nodeType&&11!=a.nodeType;)a=a.parentNode;return P(a)?a:null}\nfunction T(a,b){b=ta(b);if(\"float\"==b||\"cssFloat\"==b||\"styleFloat\"==b)b=Ia?\"styleFloat\":\"cssFloat\";a:{var c=b;var e=N(a);if(e.defaultView&&e.defaultView.getComputedStyle&&(e=e.defaultView.getComputedStyle(a,null))){c=e[c]||e.getPropertyValue(c)||\"\";break a}c=\"\"}a=c||Ma(a,b);if(null===a)a=null;else if(0\u003C=da(ia,b)){b:{var d=a.match(la);if(d&&(b=Number(d[1]),c=Number(d[2]),e=Number(d[3]),d=Number(d[4]),0\u003C=b&&255>=b&&0\u003C=c&&255>=c&&0\u003C=e&&255>=e&&0\u003C=d&&1>=d)){b=[b,c,e,d];break b}b=null}if(!b)b:{if(e=a.match(ma))if(b=\nNumber(e[1]),c=Number(e[2]),e=Number(e[3]),0\u003C=b&&255>=b&&0\u003C=c&&255>=c&&0\u003C=e&&255>=e){b=[b,c,e,1];break b}b=null}if(!b)b:{b=a.toLowerCase();c=ha[b.toLowerCase()];if(!c&&(c=\"#\"==b.charAt(0)?b:\"#\"+b,4==c.length&&(c=c.replace(ja,\"#$1$1$2$2$3$3\")),!ka.test(c))){b=null;break b}b=[parseInt(c.substr(1,2),16),parseInt(c.substr(3,2),16),parseInt(c.substr(5,2),16),1]}a=b?\"rgba(\"+b.join(\", \")+\")\":a}return a}\nfunction Ma(a,b){var c=a.currentStyle||a.style,e=c[b];void 0===e&&\"function\"==aa(c.getPropertyValue)&&(e=c.getPropertyValue(b));return\"inherit\"!=e?void 0!==e?e:null:(a=S(a))?Ma(a,b):null}\nfunction U(a,b,c){function e(h){var n=V(h);return 0\u003Cn.height&&0\u003Cn.width?!0:P(h,\"PATH\")&&(0\u003Cn.height||0\u003Cn.width)?(h=T(h,\"stroke-width\"),!!h&&0\u003CparseInt(h,10)):\"hidden\"!=T(h,\"overflow\")&&ea(h.childNodes,function(D){return 3==D.nodeType||P(D)&&e(D)})}function d(h){return Na(h)==W&&fa(h.childNodes,function(n){return!P(n)||d(n)||!e(n)})}if(!P(a))throw Error(\"Argument to isShown must be of type Element\");if(P(a,\"BODY\"))return!0;if(P(a,\"OPTION\")||P(a,\"OPTGROUP\"))return a=Ja(a,function(h){return P(h,\"SELECT\")}),\n!!a&&U(a,!0,c);var f=Oa(a);if(f)return!!f.image&&0\u003Cf.rect.width&&0\u003Cf.rect.height&&U(f.image,b,c);if(P(a,\"INPUT\")&&\"hidden\"==a.type.toLowerCase()||P(a,\"NOSCRIPT\"))return!1;f=T(a,\"visibility\");return\"collapse\"!=f&&\"hidden\"!=f&&c(a)&&(b||0!=Pa(a))&&e(a)?!d(a):!1}var W=\"hidden\";\nfunction Na(a){function b(k){function l(ba){if(ba==h)return!0;var pa=T(ba,\"display\");return 0==pa.lastIndexOf(\"inline\",0)||\"contents\"==pa||\"absolute\"==qa&&\"static\"==T(ba,\"position\")?!1:!0}var qa=T(k,\"position\");if(\"fixed\"==qa)return ra=!0,k==h?null:h;for(k=S(k);k&&!l(k);)k=S(k);return k}function c(k){var l=k;if(\"visible\"==D)if(k==h&&n)l=n;else if(k==n)return{x:\"visible\",y:\"visible\"};l={x:T(l,\"overflow-x\"),y:T(l,\"overflow-y\")};k==h&&(l.x=\"visible\"==l.x?\"auto\":l.x,l.y=\"visible\"==l.y?\"auto\":l.y);return l}\nfunction e(k){if(k==h){var l=(new Ka(f)).a;k=l.scrollingElement?l.scrollingElement:za||\"CSS1Compat\"!=l.compatMode?l.body||l.documentElement:l.documentElement;l=l.parentWindow||l.defaultView;k=C&&Ba(\"10\")&&l.pageYOffset!=k.scrollTop?new L(k.scrollLeft,k.scrollTop):new L(l.pageXOffset||k.scrollLeft,l.pageYOffset||k.scrollTop)}else k=new L(k.scrollLeft,k.scrollTop);return k}var d=Qa(a),f=N(a),h=f.documentElement,n=f.body,D=T(h,\"overflow\"),ra;for(a=b(a);a;a=b(a)){var q=c(a);if(\"visible\"!=q.x||\"visible\"!=\nq.y){var t=V(a);if(0==t.width||0==t.height)return W;var z=d.a\u003Ct.a,O=d.b\u003Ct.b;if(z&&\"hidden\"==q.x||O&&\"hidden\"==q.y)return W;if(z&&\"visible\"!=q.x||O&&\"visible\"!=q.y){z=e(a);O=d.b\u003Ct.b-z.y;if(d.a\u003Ct.a-z.x&&\"visible\"!=q.x||O&&\"visible\"!=q.x)return W;d=Na(a);return d==W?W:\"scroll\"}z=d.c>=t.a+t.width;t=d.f>=t.b+t.height;if(z&&\"hidden\"==q.x||t&&\"hidden\"==q.y)return W;if(z&&\"visible\"!=q.x||t&&\"visible\"!=q.y){if(ra&&(q=e(a),d.c>=h.scrollWidth-q.x||d.a>=h.scrollHeight-q.y))return W;d=Na(a);return d==W?W:\"scroll\"}}}return\"none\"}\nfunction V(a){var b=Oa(a);if(b)return b.rect;if(P(a,\"HTML\"))return a=N(a),a=((a?a.parentWindow||a.defaultView:window)||window).document,a=\"CSS1Compat\"==a.compatMode?a.documentElement:a.body,a=new M(a.clientWidth,a.clientHeight),new R(0,0,a.width,a.height);try{var c=a.getBoundingClientRect()}catch(e){return new R(0,0,0,0)}b=new R(c.left,c.top,c.right-c.left,c.bottom-c.top);C&&a.ownerDocument.body&&(a=N(a),b.a-=a.documentElement.clientLeft+a.body.clientLeft,b.b-=a.documentElement.clientTop+a.body.clientTop);\nreturn b}\nfunction Oa(a){var b=P(a,\"MAP\");if(!b&&!P(a,\"AREA\"))return null;var c=b?a:P(a.parentNode,\"MAP\")?a.parentNode:null,e=null,d=null;if(c&&c.name){e='*[usemap=\"#'+c.name+'\"]';c=N(c);var f;if(f=\"function\"!=aa(c.querySelector)&&C&&(C?0\u003C=na(I,8):Ba(8))){f=c.querySelector;var h=typeof f;f=!(\"object\"==h&&null!=f||\"function\"==h)}if(f)throw Error(\"CSS selection is not supported\");if(!e)throw new m(32,\"No selector specified\");e=u(e);try{var n=c.querySelector(e)}catch(D){throw new m(32,\"An invalid or illegal selector was specified\");}if(e=\nn&&1==n.nodeType?n:null)d=V(e),b||\"default\"==a.shape.toLowerCase()||(a=Ra(a),b=Math.min(Math.max(a.a,0),d.width),n=Math.min(Math.max(a.b,0),d.height),d=new R(b+d.a,n+d.b,Math.min(a.width,d.width-b),Math.min(a.height,d.height-n)))}return{image:e,rect:d||new R(0,0,0,0)}}\nfunction Ra(a){var b=a.shape.toLowerCase();a=a.coords.split(\",\");if(\"rect\"==b&&4==a.length){b=a[0];var c=a[1];return new R(b,c,a[2]-b,a[3]-c)}if(\"circle\"==b&&3==a.length)return b=a[2],new R(a[0]-b,a[1]-b,2*b,2*b);if(\"poly\"==b&&2\u003Ca.length){b=a[0];c=a[1];for(var e=b,d=c,f=2;f+1\u003Ca.length;f+=2)b=Math.min(b,a[f]),e=Math.max(e,a[f]),c=Math.min(c,a[f+1]),d=Math.max(d,a[f+1]);return new R(b,c,e-b,d-c)}return new R(0,0,0,0)}function Qa(a){a=V(a);return new Q(a.b,a.a+a.width,a.b+a.height,a.a)}\nfunction Pa(a){if(Ia){if(\"relative\"==T(a,\"position\"))return 1;a=T(a,\"filter\");return(a=a.match(/^alpha\\(opacity=(\\d*)\\)/)||a.match(/^progid:DXImageTransform.Microsoft.Alpha\\(Opacity=(\\d*)\\)/))?Number(a[1])/100:1}return Sa(a)}function Sa(a){var b=1,c=T(a,\"opacity\");c&&(b=Number(c));(a=S(a))&&(b*=Sa(a));return b};function Ta(a,b){function c(e){if(P(e)&&\"none\"==T(e,\"display\"))return!1;var d;if((d=e.parentNode)&&d.shadowRoot&&void 0!==e.assignedSlot)d=e.assignedSlot?e.assignedSlot.parentNode:null;else if(e.getDestinationInsertionPoints){var f=e.getDestinationInsertionPoints();0\u003Cf.length&&(d=f[f.length-1])}if(La&&d instanceof ShadowRoot){if(d.host.shadowRoot&&d.host.shadowRoot!==d)return!1;d=d.host}return!d||9!=d.nodeType&&11!=d.nodeType?d&&P(d,\"DETAILS\")&&!d.open&&!P(e,\"SUMMARY\")?!1:!!d&&c(d):!0}return U(a,\n!!b,c)}var X=[\"_\"],Y=g;X[0]in Y||\"undefined\"==typeof Y.execScript||Y.execScript(\"var \"+X[0]);for(var Z;X.length&&(Z=X.shift());)X.length||void 0===Ta?Y[Z]&&Y[Z]!==Object.prototype[Z]?Y=Y[Z]:Y=Y[Z]={}:Y[Z]=Ta;; return this._.apply(null,arguments);}).apply({navigator:typeof window!='undefined'?window.navigator:null,document:typeof window!='undefined'?window.document:null}, arguments);}\n).apply(null, arguments);"
}
[1773332940.610][INFO]: Waiting for pending navigations...
[1773332940.610][INFO]: Done waiting for pending navigations. Status: ok
[1773332940.612][INFO]: Waiting for pending navigations...
[1773332940.612][INFO]: Done waiting for pending navigations. Status: ok
[1773332940.612][INFO]: [1d88d04bd3bde031f168f5b63152518c] RESPONSE ExecuteScript true
[1773332940.613][INFO]: [1d88d04bd3bde031f168f5b63152518c] COMMAND ClearElement {
   "id": "f.07D6AA562BB646E8E62464526E4E3A93.d.34B1838DA59FC243C71D5FB5F3BEC6B3.e.514"
}
[1773332940.614][INFO]: Waiting for pending navigations...
[1773332940.614][INFO]: Done waiting for pending navigations. Status: ok
[1773332940.622][INFO]: Waiting for pending navigations...
[1773332940.623][INFO]: Done waiting for pending navigations. Status: ok
[1773332940.623][INFO]: [1d88d04bd3bde031f168f5b63152518c] RESPONSE ClearElement
[1773332940.624][INFO]: [1d88d04bd3bde031f168f5b63152518c] COMMAND TypeElement {
   "id": "f.07D6AA562BB646E8E62464526E4E3A93.d.34B1838DA59FC243C71D5FB5F3BEC6B3.e.514",
   "text": "iPhone",
   "value": [ "i", "P", "h", "o", "n", "e" ]
}
[1773332940.624][INFO]: Waiting for pending navigations...
[1773332940.624][INFO]: Done waiting for pending navigations. Status: ok
[1773332940.640][INFO]: Waiting for pending navigations...
[1773332940.640][INFO]: Done waiting for pending navigations. Status: ok
[1773332940.640][INFO]: [1d88d04bd3bde031f168f5b63152518c] RESPONSE TypeElement
[1773332940.641][INFO]: [1d88d04bd3bde031f168f5b63152518c] COMMAND ExecuteScript {
   "args": [ {
      "element-6066-11e4-a52e-4f735466cecf": "f.07D6AA562BB646E8E62464526E4E3A93.d.34B1838DA59FC243C71D5FB5F3BEC6B3.e.514"
   } ],
   "script": "/* submitForm */var form = arguments[0];\nwhile (form.nodeName != \"FORM\" && form.parentNode) {\n  form = form.parentNode;\n}\nif (!form) { throw Error('Unable to find containing form element'); }\nif (!form.ownerDocument) { throw Error('Unable to find owning document'); }\nvar e = form.ownerDocument.createEvent('Event');\ne.initEvent('submit', true, true);\nif (form.dispatchEvent(e)) { HTMLFormElement.prototype.submit.call(form) }\n"
}
[1773332940.641][INFO]: Waiting for pending navigations...
[1773332940.642][INFO]: Done waiting for pending navigations. Status: ok
[1773332940.644][INFO]: Waiting for pending navigations...
[1773332942.305][INFO]: Done waiting for pending navigations. Status: ok
[1773332942.305][INFO]: [1d88d04bd3bde031f168f5b63152518c] RESPONSE ExecuteScript null
[1773332942.309][INFO]: [1d88d04bd3bde031f168f5b63152518c] COMMAND FindElements {
   "using": "xpath",
   "value": "//div[contains(@class,'RG5Slk')]"
}
[1773332942.309][INFO]: Waiting for pending navigations...
[1773332942.311][INFO]: Done waiting for pending navigations. Status: ok
[1773332942.319][INFO]: Waiting for pending navigations...
[1773332942.320][INFO]: Done waiting for pending navigations. Status: ok
[1773332942.320][INFO]: [1d88d04bd3bde031f168f5b63152518c] RESPONSE FindElements [ {
   "element-6066-11e4-a52e-4f735466cecf": "f.07D6AA562BB646E8E62464526E4E3A93.d.86A283B102F9B9DE8F61E468AC50E0E0.e.827"
}, {
   "element-6066-11e4-a52e-4f735466cecf": "f.07D6AA562BB646E8E62464526E4E3A93.d.86A283B102F9B9DE8F61E468AC50E0E0.e.828"
}, {
   "element-6066-11e4-a52e-4f735466cecf": "f.07D6AA562BB646E8E62464526E4E3A93.d.86A283B102F9B9DE8F61E468AC50E0E0.e.829"
}, {
   "element-6066-11e4-a52e-4f735466cecf": "f.07D6AA562BB646E8E62464526E4E3A93.d.86A283B102F9B9DE8F61E468AC50E0E0.e.830"
}, {
   "element-6066-11e4-a52e-4f735466cecf": "f.07D6AA562BB646E8E62464526E4E3A93.d.86A283B102F9B9DE8F61E468AC50E0E0.e.831"
}, {
   "element-6066-11e4-a52e-4f735466cecf": "f.07D6AA562BB646E8E62464526E4E3A93.d.86A283B102F9B9DE8F61E468AC50E0E0.e.832"
}, {
   "element-6066-11e4-a52e-4f735466cecf": "f.07D6AA562BB646E8E62464526E4E3A93.d.86A283B102F9B9DE8F61E468AC50E0E0.e.833"
}, {
   "element-6066-11e4-a52e-4f735466cecf": "f.07D6AA562BB646E8E62464526E4E3A93.d.86A283B102F9B9DE8F61E468AC50E0E0.e.834"
}, {
   "element-6066-11e4-a52e-4f735466cecf": "f.07D6AA562BB646E8E62464526E4E3A93.d.86A283B102F9B9DE8F61E468AC50E0E0.e.835"
}, {
   "element-6066-11e4-a52e-4f735466cecf": "f.07D6AA562BB646E8E62464526E4E3A93.d.86A283B102F9B9DE8F61E468AC50E0E0.e.836"
}, {
   "element-6066-11e4-a52e-4f735466cecf": "f.07D6AA562BB646E8E62464526E4E3A93.d.86A283B102F9B9DE8F61E468AC50E0E0.e.837"
}, {
   "element-6066-11e4-a52e-4f735466cecf": "f.07D6AA562BB646E8E62464526E4E3A93.d.86A283B102F9B9DE8F61E468AC50E0E0.e.838"
}, {
   "element-6066-11e4-a52e-4f735466cecf": "f.07D6AA562BB646E8E62464526E4E3A93.d.86A283B102F9B9DE8F61E468AC50E0E0.e.839"
}, {
   "element-6066-11e4-a52e-4f735466cecf": "f.07D6AA562BB646E8E62464526E4E3A93.d.86A283B102F9B9DE8F61E468AC50E0E0.e.840"
}, {
   "element-6066-11e4-a52e-4f735466cecf": "f.07D6AA562BB646E8E62464526E4E3A93.d.86A283B102F9B9DE8F61E468AC50E0E0.e.841"
}, {
   "element-6066-11e4-a52e-4f735466cecf": "f.07D6AA562BB646E8E62464526E4E3A93.d.86A283B102F9B9DE8F61E468AC50E0E0.e.842"
}, {
   "element-6066-11e4-a52e-4f735466cecf": "f.07D6AA562BB646E8E62464526E4E3A93.d.86A283B102F9B9DE8F61E468AC50E0E0.e.843"
}, {
   "element-6066-11e4-a52e-4f735466cecf": "f.07D6AA562BB646E8E62464526E4E3A93.d.86A283B102F9B9DE8F61E468AC50E0E0.e.844"
}, {
   "element-6066-11e4-a52e-4f735466cecf": "f.07D6AA562BB646E8E62464526E4E3A93.d.86A283B102F9B9DE8F61E468AC50E0E0.e.845"
}, "..." ]
[1773332942.322][INFO]: [1d88d04bd3bde031f168f5b63152518c] COMMAND FindElements {
   "using": "xpath",
   "value": "//div[contains(@class,'HQe8jr')]/span"
}
[1773332942.322][INFO]: Waiting for pending navigations...
[1773332942.322][INFO]: Done waiting for pending navigations. Status: ok
[1773332942.327][INFO]: Waiting for pending navigations...
[1773332942.328][INFO]: Done waiting for pending navigations. Status: ok
[1773332942.328][INFO]: [1d88d04bd3bde031f168f5b63152518c] RESPONSE FindElements [ {
   "element-6066-11e4-a52e-4f735466cecf": "f.07D6AA562BB646E8E62464526E4E3A93.d.86A283B102F9B9DE8F61E468AC50E0E0.e.851"
}, {
   "element-6066-11e4-a52e-4f735466cecf": "f.07D6AA562BB646E8E62464526E4E3A93.d.86A283B102F9B9DE8F61E468AC50E0E0.e.852"
}, {
   "element-6066-11e4-a52e-4f735466cecf": "f.07D6AA562BB646E8E62464526E4E3A93.d.86A283B102F9B9DE8F61E468AC50E0E0.e.853"
}, {
   "element-6066-11e4-a52e-4f735466cecf": "f.07D6AA562BB646E8E62464526E4E3A93.d.86A283B102F9B9DE8F61E468AC50E0E0.e.854"
}, {
   "element-6066-11e4-a52e-4f735466cecf": "f.07D6AA562BB646E8E62464526E4E3A93.d.86A283B102F9B9DE8F61E468AC50E0E0.e.855"
}, {
   "element-6066-11e4-a52e-4f735466cecf": "f.07D6AA562BB646E8E62464526E4E3A93.d.86A283B102F9B9DE8F61E468AC50E0E0.e.856"
}, {
   "element-6066-11e4-a52e-4f735466cecf": "f.07D6AA562BB646E8E62464526E4E3A93.d.86A283B102F9B9DE8F61E468AC50E0E0.e.857"
}, {
   "element-6066-11e4-a52e-4f735466cecf": "f.07D6AA562BB646E8E62464526E4E3A93.d.86A283B102F9B9DE8F61E468AC50E0E0.e.858"
}, {
   "element-6066-11e4-a52e-4f735466cecf": "f.07D6AA562BB646E8E62464526E4E3A93.d.86A283B102F9B9DE8F61E468AC50E0E0.e.859"
}, {
   "element-6066-11e4-a52e-4f735466cecf": "f.07D6AA562BB646E8E62464526E4E3A93.d.86A283B102F9B9DE8F61E468AC50E0E0.e.860"
}, {
   "element-6066-11e4-a52e-4f735466cecf": "f.07D6AA562BB646E8E62464526E4E3A93.d.86A283B102F9B9DE8F61E468AC50E0E0.e.861"
}, {
   "element-6066-11e4-a52e-4f735466cecf": "f.07D6AA562BB646E8E62464526E4E3A93.d.86A283B102F9B9DE8F61E468AC50E0E0.e.862"
}, {
   "element-6066-11e4-a52e-4f735466cecf": "f.07D6AA562BB646E8E62464526E4E3A93.d.86A283B102F9B9DE8F61E468AC50E0E0.e.863"
} ]
[1773332942.329][INFO]: [1d88d04bd3bde031f168f5b63152518c] COMMAND GetElementText {
   "id": "f.07D6AA562BB646E8E62464526E4E3A93.d.86A283B102F9B9DE8F61E468AC50E0E0.e.851"
}
[1773332942.329][INFO]: Waiting for pending navigations...
[1773332942.329][INFO]: Done waiting for pending navigations. Status: ok
[1773332942.331][INFO]: Waiting for pending navigations...
[1773332942.331][INFO]: Done waiting for pending navigations. Status: ok
[1773332942.331][INFO]: [1d88d04bd3bde031f168f5b63152518c] RESPONSE GetElementText "7% off"
[1773332942.332][INFO]: [1d88d04bd3bde031f168f5b63152518c] COMMAND GetElementText {
   "id": "f.07D6AA562BB646E8E62464526E4E3A93.d.86A283B102F9B9DE8F61E468AC50E0E0.e.852"
}
[1773332942.332][INFO]: Waiting for pending navigations...
[1773332942.332][INFO]: Done waiting for pending navigations. Status: ok
[1773332942.334][INFO]: Waiting for pending navigations...
[1773332942.335][INFO]: Done waiting for pending navigations. Status: ok
[1773332942.335][INFO]: [1d88d04bd3bde031f168f5b63152518c] RESPONSE GetElementText "7% off"
[1773332942.335][INFO]: [1d88d04bd3bde031f168f5b63152518c] COMMAND GetElementText {
   "id": "f.07D6AA562BB646E8E62464526E4E3A93.d.86A283B102F9B9DE8F61E468AC50E0E0.e.853"
}
[1773332942.335][INFO]: Waiting for pending navigations...
[1773332942.335][INFO]: Done waiting for pending navigations. Status: ok
[1773332942.337][INFO]: Waiting for pending navigations...
[1773332942.338][INFO]: Done waiting for pending navigations. Status: ok
[1773332942.338][INFO]: [1d88d04bd3bde031f168f5b63152518c] RESPONSE GetElementText "7% off"
[1773332942.338][INFO]: [1d88d04bd3bde031f168f5b63152518c] COMMAND GetElementText {
   "id": "f.07D6AA562BB646E8E62464526E4E3A93.d.86A283B102F9B9DE8F61E468AC50E0E0.e.854"
}
[1773332942.338][INFO]: Waiting for pending navigations...
[1773332942.338][INFO]: Done waiting for pending navigations. Status: ok
[1773332942.340][INFO]: Waiting for pending navigations...
[1773332942.342][INFO]: Done waiting for pending navigations. Status: ok
[1773332942.342][INFO]: [1d88d04bd3bde031f168f5b63152518c] RESPONSE GetElementText "6% off"
[1773332942.343][INFO]: [1d88d04bd3bde031f168f5b63152518c] COMMAND GetElementText {
   "id": "f.07D6AA562BB646E8E62464526E4E3A93.d.86A283B102F9B9DE8F61E468AC50E0E0.e.855"
}
[1773332942.343][INFO]: Waiting for pending navigations...
[1773332942.343][INFO]: Done waiting for pending navigations. Status: ok
[1773332942.345][INFO]: Waiting for pending navigations...
[1773332942.346][INFO]: Done waiting for pending navigations. Status: ok
[1773332942.346][INFO]: [1d88d04bd3bde031f168f5b63152518c] RESPONSE GetElementText "7% off"
[1773332942.346][INFO]: [1d88d04bd3bde031f168f5b63152518c] COMMAND GetElementText {
   "id": "f.07D6AA562BB646E8E62464526E4E3A93.d.86A283B102F9B9DE8F61E468AC50E0E0.e.856"
}
[1773332942.346][INFO]: Waiting for pending navigations...
[1773332942.346][INFO]: Done waiting for pending navigations. Status: ok
[1773332942.348][INFO]: Waiting for pending navigations...
[1773332942.348][INFO]: Done waiting for pending navigations. Status: ok
[1773332942.348][INFO]: [1d88d04bd3bde031f168f5b63152518c] RESPONSE GetElementText "6% off"
[1773332942.349][INFO]: [1d88d04bd3bde031f168f5b63152518c] COMMAND GetElementText {
   "id": "f.07D6AA562BB646E8E62464526E4E3A93.d.86A283B102F9B9DE8F61E468AC50E0E0.e.857"
}
[1773332942.349][INFO]: Waiting for pending navigations...
[1773332942.349][INFO]: Done waiting for pending navigations. Status: ok
[1773332942.351][INFO]: Waiting for pending navigations...
[1773332942.351][INFO]: Done waiting for pending navigations. Status: ok
[1773332942.351][INFO]: [1d88d04bd3bde031f168f5b63152518c] RESPONSE GetElementText "6% off"
[1773332942.352][INFO]: [1d88d04bd3bde031f168f5b63152518c] COMMAND GetElementText {
   "id": "f.07D6AA562BB646E8E62464526E4E3A93.d.86A283B102F9B9DE8F61E468AC50E0E0.e.858"
}
[1773332942.352][INFO]: Waiting for pending navigations...
[1773332942.352][INFO]: Done waiting for pending navigations. Status: ok
[1773332942.354][INFO]: Waiting for pending navigations...
[1773332942.354][INFO]: Done waiting for pending navigations. Status: ok
[1773332942.354][INFO]: [1d88d04bd3bde031f168f5b63152518c] RESPONSE GetElementText "8% off"
[1773332942.355][INFO]: [1d88d04bd3bde031f168f5b63152518c] COMMAND GetElementText {
   "id": "f.07D6AA562BB646E8E62464526E4E3A93.d.86A283B102F9B9DE8F61E468AC50E0E0.e.859"
}
[1773332942.355][INFO]: Waiting for pending navigations...
[1773332942.355][INFO]: Done waiting for pending navigations. Status: ok
[1773332942.357][INFO]: Waiting for pending navigations...
[1773332942.357][INFO]: Done waiting for pending navigations. Status: ok
[1773332942.357][INFO]: [1d88d04bd3bde031f168f5b63152518c] RESPONSE GetElementText "7% off"
[1773332942.357][INFO]: [1d88d04bd3bde031f168f5b63152518c] COMMAND GetElementText {
   "id": "f.07D6AA562BB646E8E62464526E4E3A93.d.86A283B102F9B9DE8F61E468AC50E0E0.e.860"
}
[1773332942.357][INFO]: Waiting for pending navigations...
[1773332942.357][INFO]: Done waiting for pending navigations. Status: ok
[1773332942.359][INFO]: Waiting for pending navigations...
[1773332942.359][INFO]: Done waiting for pending navigations. Status: ok
[1773332942.359][INFO]: [1d88d04bd3bde031f168f5b63152518c] RESPONSE GetElementText "6% off"
[1773332942.360][INFO]: [1d88d04bd3bde031f168f5b63152518c] COMMAND GetElementText {
   "id": "f.07D6AA562BB646E8E62464526E4E3A93.d.86A283B102F9B9DE8F61E468AC50E0E0.e.861"
}
[1773332942.360][INFO]: Waiting for pending navigations...
[1773332942.360][INFO]: Done waiting for pending navigations. Status: ok
[1773332942.362][INFO]: Waiting for pending navigations...
[1773332942.362][INFO]: Done waiting for pending navigations. Status: ok
[1773332942.362][INFO]: [1d88d04bd3bde031f168f5b63152518c] RESPONSE GetElementText "5% off"
[1773332942.362][INFO]: [1d88d04bd3bde031f168f5b63152518c] COMMAND GetElementText {
   "id": "f.07D6AA562BB646E8E62464526E4E3A93.d.86A283B102F9B9DE8F61E468AC50E0E0.e.862"
}
[1773332942.362][INFO]: Waiting for pending navigations...
[1773332942.363][INFO]: Done waiting for pending navigations. Status: ok
[1773332942.364][INFO]: Waiting for pending navigations...
[1773332942.364][INFO]: Done waiting for pending navigations. Status: ok
[1773332942.364][INFO]: [1d88d04bd3bde031f168f5b63152518c] RESPONSE GetElementText "8% off"
[1773332942.365][INFO]: [1d88d04bd3bde031f168f5b63152518c] COMMAND GetElementText {
   "id": "f.07D6AA562BB646E8E62464526E4E3A93.d.86A283B102F9B9DE8F61E468AC50E0E0.e.863"
}
[1773332942.365][INFO]: Waiting for pending navigations...
[1773332942.365][INFO]: Done waiting for pending navigations. Status: ok
[1773332942.367][INFO]: Waiting for pending navigations...
[1773332942.367][INFO]: Done waiting for pending navigations. Status: ok
[1773332942.367][INFO]: [1d88d04bd3bde031f168f5b63152518c] RESPONSE GetElementText "5% off"
[1773332942.368][INFO]: [1d88d04bd3bde031f168f5b63152518c] COMMAND Navigate {
   "url": "https://www.flipkart.com"
}
[1773332942.368][INFO]: Waiting for pending navigations...
[1773332942.368][INFO]: Done waiting for pending navigations. Status: ok
[1773332942.853][INFO]: Waiting for pending navigations...
[1773332944.434][INFO]: Done waiting for pending navigations. Status: ok
[1773332944.434][INFO]: [1d88d04bd3bde031f168f5b63152518c] RESPONSE Navigate
[1773332944.436][INFO]: [1d88d04bd3bde031f168f5b63152518c] COMMAND FindElement {
   "using": "css selector",
   "value": "*[name='q']"
}
[1773332944.436][INFO]: Waiting for pending navigations...
[1773332944.437][INFO]: Done waiting for pending navigations. Status: ok
[1773332944.441][INFO]: Waiting for pending navigations...
[1773332944.441][INFO]: Done waiting for pending navigations. Status: ok
[1773332944.441][INFO]: [1d88d04bd3bde031f168f5b63152518c] RESPONSE FindElement {
   "element-6066-11e4-a52e-4f735466cecf": "f.07D6AA562BB646E8E62464526E4E3A93.d.B9271E1BF4A394B8DEA0DC200762CFB2.e.953"
}
[1773332944.444][INFO]: [1d88d04bd3bde031f168f5b63152518c] COMMAND ExecuteScript {
   "args": [ {
      "element-6066-11e4-a52e-4f735466cecf": "f.07D6AA562BB646E8E62464526E4E3A93.d.B9271E1BF4A394B8DEA0DC200762CFB2.e.953"
   } ],
   "script": "/* isDisplayed */return (function(){return (function(){var g=this||self;\nfunction aa(a){var b=typeof a;if(\"object\"==b)if(a){if(a instanceof Array)return\"array\";if(a instanceof Object)return b;var c=Object.prototype.toString.call(a);if(\"[object Window]\"==c)return\"object\";if(\"[object Array]\"==c||\"number\"==typeof a.length&&\"undefined\"!=typeof a.splice&&\"undefined\"!=typeof a.propertyIsEnumerable&&!a.propertyIsEnumerable(\"splice\"))return\"array\";if(\"[object Function]\"==c||\"undefined\"!=typeof a.call&&\"undefined\"!=typeof a.propertyIsEnumerable&&!a.propertyIsEnumerable(\"call\"))return\"function\"}else return\"null\";else if(\"function\"==\nb&&\"undefined\"==typeof a.call)return\"object\";return b}function ca(a,b){function c(){}c.prototype=b.prototype;a.prototype=new c;a.prototype.constructor=a};var da=Array.prototype.indexOf?function(a,b){return Array.prototype.indexOf.call(a,b,void 0)}:function(a,b){if(\"string\"===typeof a)return\"string\"!==typeof b||1!=b.length?-1:a.indexOf(b,0);for(var c=0;c\u003Ca.length;c++)if(c in a&&a[c]===b)return c;return-1},ea=Array.prototype.some?function(a,b){return Array.prototype.some.call(a,b,void 0)}:function(a,b){for(var c=a.length,e=\"string\"===typeof a?a.split(\"\"):a,d=0;d\u003Cc;d++)if(d in e&&b.call(void 0,e[d],d,a))return!0;return!1},fa=Array.prototype.every?function(a,\nb){return Array.prototype.every.call(a,b,void 0)}:function(a,b){for(var c=a.length,e=\"string\"===typeof a?a.split(\"\"):a,d=0;d\u003Cc;d++)if(d in e&&!b.call(void 0,e[d],d,a))return!1;return!0};var ha={aliceblue:\"#f0f8ff\",antiquewhite:\"#faebd7\",aqua:\"#00ffff\",aquamarine:\"#7fffd4\",azure:\"#f0ffff\",beige:\"#f5f5dc\",bisque:\"#ffe4c4\",black:\"#000000\",blanchedalmond:\"#ffebcd\",blue:\"#0000ff\",blueviolet:\"#8a2be2\",brown:\"#a52a2a\",burlywood:\"#deb887\",cadetblue:\"#5f9ea0\",chartreuse:\"#7fff00\",chocolate:\"#d2691e\",coral:\"#ff7f50\",cornflowerblue:\"#6495ed\",cornsilk:\"#fff8dc\",crimson:\"#dc143c\",cyan:\"#00ffff\",darkblue:\"#00008b\",darkcyan:\"#008b8b\",darkgoldenrod:\"#b8860b\",darkgray:\"#a9a9a9\",darkgreen:\"#006400\",\ndarkgrey:\"#a9a9a9\",darkkhaki:\"#bdb76b\",darkmagenta:\"#8b008b\",darkolivegreen:\"#556b2f\",darkorange:\"#ff8c00\",darkorchid:\"#9932cc\",darkred:\"#8b0000\",darksalmon:\"#e9967a\",darkseagreen:\"#8fbc8f\",darkslateblue:\"#483d8b\",darkslategray:\"#2f4f4f\",darkslategrey:\"#2f4f4f\",darkturquoise:\"#00ced1\",darkviolet:\"#9400d3\",deeppink:\"#ff1493\",deepskyblue:\"#00bfff\",dimgray:\"#696969\",dimgrey:\"#696969\",dodgerblue:\"#1e90ff\",firebrick:\"#b22222\",floralwhite:\"#fffaf0\",forestgreen:\"#228b22\",fuchsia:\"#ff00ff\",gainsboro:\"#dcdcdc\",\nghostwhite:\"#f8f8ff\",gold:\"#ffd700\",goldenrod:\"#daa520\",gray:\"#808080\",green:\"#008000\",greenyellow:\"#adff2f\",grey:\"#808080\",honeydew:\"#f0fff0\",hotpink:\"#ff69b4\",indianred:\"#cd5c5c\",indigo:\"#4b0082\",ivory:\"#fffff0\",khaki:\"#f0e68c\",lavender:\"#e6e6fa\",lavenderblush:\"#fff0f5\",lawngreen:\"#7cfc00\",lemonchiffon:\"#fffacd\",lightblue:\"#add8e6\",lightcoral:\"#f08080\",lightcyan:\"#e0ffff\",lightgoldenrodyellow:\"#fafad2\",lightgray:\"#d3d3d3\",lightgreen:\"#90ee90\",lightgrey:\"#d3d3d3\",lightpink:\"#ffb6c1\",lightsalmon:\"#ffa07a\",\nlightseagreen:\"#20b2aa\",lightskyblue:\"#87cefa\",lightslategray:\"#778899\",lightslategrey:\"#778899\",lightsteelblue:\"#b0c4de\",lightyellow:\"#ffffe0\",lime:\"#00ff00\",limegreen:\"#32cd32\",linen:\"#faf0e6\",magenta:\"#ff00ff\",maroon:\"#800000\",mediumaquamarine:\"#66cdaa\",mediumblue:\"#0000cd\",mediumorchid:\"#ba55d3\",mediumpurple:\"#9370db\",mediumseagreen:\"#3cb371\",mediumslateblue:\"#7b68ee\",mediumspringgreen:\"#00fa9a\",mediumturquoise:\"#48d1cc\",mediumvioletred:\"#c71585\",midnightblue:\"#191970\",mintcream:\"#f5fffa\",mistyrose:\"#ffe4e1\",\nmoccasin:\"#ffe4b5\",navajowhite:\"#ffdead\",navy:\"#000080\",oldlace:\"#fdf5e6\",olive:\"#808000\",olivedrab:\"#6b8e23\",orange:\"#ffa500\",orangered:\"#ff4500\",orchid:\"#da70d6\",palegoldenrod:\"#eee8aa\",palegreen:\"#98fb98\",paleturquoise:\"#afeeee\",palevioletred:\"#db7093\",papayawhip:\"#ffefd5\",peachpuff:\"#ffdab9\",peru:\"#cd853f\",pink:\"#ffc0cb\",plum:\"#dda0dd\",powderblue:\"#b0e0e6\",purple:\"#800080\",red:\"#ff0000\",rosybrown:\"#bc8f8f\",royalblue:\"#4169e1\",saddlebrown:\"#8b4513\",salmon:\"#fa8072\",sandybrown:\"#f4a460\",seagreen:\"#2e8b57\",\nseashell:\"#fff5ee\",sienna:\"#a0522d\",silver:\"#c0c0c0\",skyblue:\"#87ceeb\",slateblue:\"#6a5acd\",slategray:\"#708090\",slategrey:\"#708090\",snow:\"#fffafa\",springgreen:\"#00ff7f\",steelblue:\"#4682b4\",tan:\"#d2b48c\",teal:\"#008080\",thistle:\"#d8bfd8\",tomato:\"#ff6347\",turquoise:\"#40e0d0\",violet:\"#ee82ee\",wheat:\"#f5deb3\",white:\"#ffffff\",whitesmoke:\"#f5f5f5\",yellow:\"#ffff00\",yellowgreen:\"#9acd32\"};var ia=\"backgroundColor borderTopColor borderRightColor borderBottomColor borderLeftColor color outlineColor\".split(\" \"),ja=/#([0-9a-fA-F])([0-9a-fA-F])([0-9a-fA-F])/,ka=/^#(?:[0-9a-f]{3}){1,2}$/i,la=/^(?:rgba)?\\((\\d{1,3}),\\s?(\\d{1,3}),\\s?(\\d{1,3}),\\s?(0|1|0\\.\\d*)\\)$/i,ma=/^(?:rgb)?\\((0|[1-9]\\d{0,2}),\\s?(0|[1-9]\\d{0,2}),\\s?(0|[1-9]\\d{0,2})\\)$/i;function m(a,b){this.code=a;this.a=p[a]||r;this.message=b||\"\";a=this.a.replace(/((?:^|\\s+)[a-z])/g,function(c){return c.toUpperCase().replace(/^[\\s\\xa0]+/g,\"\")});b=a.length-5;if(0>b||a.indexOf(\"Error\",b)!=b)a+=\"Error\";this.name=a;a=Error(this.message);a.name=this.name;this.stack=a.stack||\"\"}ca(m,Error);var r=\"unknown error\",p={15:\"element not selectable\",11:\"element not visible\"};p[31]=r;p[30]=r;p[24]=\"invalid cookie domain\";p[29]=\"invalid element coordinates\";p[12]=\"invalid element state\";\np[32]=\"invalid selector\";p[51]=\"invalid selector\";p[52]=\"invalid selector\";p[17]=\"javascript error\";p[405]=\"unsupported operation\";p[34]=\"move target out of bounds\";p[27]=\"no such alert\";p[7]=\"no such element\";p[8]=\"no such frame\";p[23]=\"no such window\";p[28]=\"script timeout\";p[33]=\"session not created\";p[10]=\"stale element reference\";p[21]=\"timeout\";p[25]=\"unable to set cookie\";p[26]=\"unexpected alert open\";p[13]=r;p[9]=\"unknown command\";var u=String.prototype.trim?function(a){return a.trim()}:function(a){return/^[\\s\\xa0]*([\\s\\S]*?)[\\s\\xa0]*$/.exec(a)[1]};\nfunction na(a,b){var c=0;a=u(String(a)).split(\".\");b=u(String(b)).split(\".\");for(var e=Math.max(a.length,b.length),d=0;0==c&&d\u003Ce;d++){var f=a[d]||\"\",h=b[d]||\"\";do{f=/(\\d*)(\\D*)(.*)/.exec(f)||[\"\",\"\",\"\",\"\"];h=/(\\d*)(\\D*)(.*)/.exec(h)||[\"\",\"\",\"\",\"\"];if(0==f[0].length&&0==h[0].length)break;c=v(0==f[1].length?0:parseInt(f[1],10),0==h[1].length?0:parseInt(h[1],10))||v(0==f[2].length,0==h[2].length)||v(f[2],h[2]);f=f[3];h=h[3]}while(0==c)}return c}function v(a,b){return a\u003Cb?-1:a>b?1:0};var w;a:{var oa=g.navigator;if(oa){var sa=oa.userAgent;if(sa){w=sa;break a}}w=\"\"}function x(a){return-1!=w.indexOf(a)};function y(){return x(\"Firefox\")||x(\"FxiOS\")}function A(){return(x(\"Chrome\")||x(\"CriOS\"))&&!x(\"Edge\")};function ta(a){return String(a).replace(/\\-([a-z])/g,function(b,c){return c.toUpperCase()})};function B(){return x(\"iPhone\")&&!x(\"iPod\")&&!x(\"iPad\")};function ua(a,b){var c=va;return Object.prototype.hasOwnProperty.call(c,a)?c[a]:c[a]=b(a)};var wa=x(\"Opera\"),C=x(\"Trident\")||x(\"MSIE\"),xa=x(\"Edge\"),ya=x(\"Gecko\")&&!(-1!=w.toLowerCase().indexOf(\"webkit\")&&!x(\"Edge\"))&&!(x(\"Trident\")||x(\"MSIE\"))&&!x(\"Edge\"),za=-1!=w.toLowerCase().indexOf(\"webkit\")&&!x(\"Edge\");function Aa(){var a=g.document;return a?a.documentMode:void 0}var E;\na:{var F=\"\",G=function(){var a=w;if(ya)return/rv:([^\\);]+)(\\)|;)/.exec(a);if(xa)return/Edge\\/([\\d\\.]+)/.exec(a);if(C)return/\\b(?:MSIE|rv)[: ]([^\\);]+)(\\)|;)/.exec(a);if(za)return/WebKit\\/(\\S+)/.exec(a);if(wa)return/(?:Version)[ \\/]?(\\S+)/.exec(a)}();G&&(F=G?G[1]:\"\");if(C){var H=Aa();if(null!=H&&H>parseFloat(F)){E=String(H);break a}}E=F}var va={};function Ba(a){return ua(a,function(){return 0\u003C=na(E,a)})}var I;I=g.document&&C?Aa():void 0;var Ca=y(),Da=B()||x(\"iPod\"),Ea=x(\"iPad\"),Fa=x(\"Android\")&&!(A()||y()||x(\"Opera\")||x(\"Silk\")),Ga=A(),Ha=x(\"Safari\")&&!(A()||x(\"Coast\")||x(\"Opera\")||x(\"Edge\")||x(\"Edg/\")||x(\"OPR\")||y()||x(\"Silk\")||x(\"Android\"))&&!(B()||x(\"iPad\")||x(\"iPod\"));function J(a){return(a=a.exec(w))?a[1]:\"\"}(function(){if(Ca)return J(/Firefox\\/([0-9.]+)/);if(C||xa||wa)return E;if(Ga)return B()||x(\"iPad\")||x(\"iPod\")?J(/CriOS\\/([0-9.]+)/):J(/Chrome\\/([0-9.]+)/);if(Ha&&!(B()||x(\"iPad\")||x(\"iPod\")))return J(/Version\\/([0-9.]+)/);if(Da||Ea){var a=/Version\\/(\\S+).*Mobile\\/(\\S+)/.exec(w);if(a)return a[1]+\".\"+a[2]}else if(Fa)return(a=J(/Android\\s+([0-9.]+)/))?a:J(/Version\\/([0-9.]+)/);return\"\"})();var K;if(K=C)K=!(9\u003C=Number(I));var Ia=K;function L(a,b){this.x=void 0!==a?a:0;this.y=void 0!==b?b:0}L.prototype.ceil=function(){this.x=Math.ceil(this.x);this.y=Math.ceil(this.y);return this};L.prototype.floor=function(){this.x=Math.floor(this.x);this.y=Math.floor(this.y);return this};L.prototype.round=function(){this.x=Math.round(this.x);this.y=Math.round(this.y);return this};function M(a,b){this.width=a;this.height=b}M.prototype.aspectRatio=function(){return this.width/this.height};M.prototype.ceil=function(){this.width=Math.ceil(this.width);this.height=Math.ceil(this.height);return this};M.prototype.floor=function(){this.width=Math.floor(this.width);this.height=Math.floor(this.height);return this};M.prototype.round=function(){this.width=Math.round(this.width);this.height=Math.round(this.height);return this};function N(a){return 9==a.nodeType?a:a.ownerDocument||a.document}function Ja(a,b){a&&(a=a.parentNode);for(var c=0;a;){if(b(a))return a;a=a.parentNode;c++}return null}function Ka(a){this.a=a||g.document||document};function P(a,b){b&&\"string\"!==typeof b&&(b=b.toString());return!!a&&1==a.nodeType&&(!b||a.tagName.toUpperCase()==b)};function Q(a,b,c,e){this.f=a;this.a=b;this.b=c;this.c=e}Q.prototype.ceil=function(){this.f=Math.ceil(this.f);this.a=Math.ceil(this.a);this.b=Math.ceil(this.b);this.c=Math.ceil(this.c);return this};Q.prototype.floor=function(){this.f=Math.floor(this.f);this.a=Math.floor(this.a);this.b=Math.floor(this.b);this.c=Math.floor(this.c);return this};Q.prototype.round=function(){this.f=Math.round(this.f);this.a=Math.round(this.a);this.b=Math.round(this.b);this.c=Math.round(this.c);return this};function R(a,b,c,e){this.a=a;this.b=b;this.width=c;this.height=e}R.prototype.ceil=function(){this.a=Math.ceil(this.a);this.b=Math.ceil(this.b);this.width=Math.ceil(this.width);this.height=Math.ceil(this.height);return this};R.prototype.floor=function(){this.a=Math.floor(this.a);this.b=Math.floor(this.b);this.width=Math.floor(this.width);this.height=Math.floor(this.height);return this};\nR.prototype.round=function(){this.a=Math.round(this.a);this.b=Math.round(this.b);this.width=Math.round(this.width);this.height=Math.round(this.height);return this};var La=\"function\"===typeof ShadowRoot;function S(a){for(a=a.parentNode;a&&1!=a.nodeType&&9!=a.nodeType&&11!=a.nodeType;)a=a.parentNode;return P(a)?a:null}\nfunction T(a,b){b=ta(b);if(\"float\"==b||\"cssFloat\"==b||\"styleFloat\"==b)b=Ia?\"styleFloat\":\"cssFloat\";a:{var c=b;var e=N(a);if(e.defaultView&&e.defaultView.getComputedStyle&&(e=e.defaultView.getComputedStyle(a,null))){c=e[c]||e.getPropertyValue(c)||\"\";break a}c=\"\"}a=c||Ma(a,b);if(null===a)a=null;else if(0\u003C=da(ia,b)){b:{var d=a.match(la);if(d&&(b=Number(d[1]),c=Number(d[2]),e=Number(d[3]),d=Number(d[4]),0\u003C=b&&255>=b&&0\u003C=c&&255>=c&&0\u003C=e&&255>=e&&0\u003C=d&&1>=d)){b=[b,c,e,d];break b}b=null}if(!b)b:{if(e=a.match(ma))if(b=\nNumber(e[1]),c=Number(e[2]),e=Number(e[3]),0\u003C=b&&255>=b&&0\u003C=c&&255>=c&&0\u003C=e&&255>=e){b=[b,c,e,1];break b}b=null}if(!b)b:{b=a.toLowerCase();c=ha[b.toLowerCase()];if(!c&&(c=\"#\"==b.charAt(0)?b:\"#\"+b,4==c.length&&(c=c.replace(ja,\"#$1$1$2$2$3$3\")),!ka.test(c))){b=null;break b}b=[parseInt(c.substr(1,2),16),parseInt(c.substr(3,2),16),parseInt(c.substr(5,2),16),1]}a=b?\"rgba(\"+b.join(\", \")+\")\":a}return a}\nfunction Ma(a,b){var c=a.currentStyle||a.style,e=c[b];void 0===e&&\"function\"==aa(c.getPropertyValue)&&(e=c.getPropertyValue(b));return\"inherit\"!=e?void 0!==e?e:null:(a=S(a))?Ma(a,b):null}\nfunction U(a,b,c){function e(h){var n=V(h);return 0\u003Cn.height&&0\u003Cn.width?!0:P(h,\"PATH\")&&(0\u003Cn.height||0\u003Cn.width)?(h=T(h,\"stroke-width\"),!!h&&0\u003CparseInt(h,10)):\"hidden\"!=T(h,\"overflow\")&&ea(h.childNodes,function(D){return 3==D.nodeType||P(D)&&e(D)})}function d(h){return Na(h)==W&&fa(h.childNodes,function(n){return!P(n)||d(n)||!e(n)})}if(!P(a))throw Error(\"Argument to isShown must be of type Element\");if(P(a,\"BODY\"))return!0;if(P(a,\"OPTION\")||P(a,\"OPTGROUP\"))return a=Ja(a,function(h){return P(h,\"SELECT\")}),\n!!a&&U(a,!0,c);var f=Oa(a);if(f)return!!f.image&&0\u003Cf.rect.width&&0\u003Cf.rect.height&&U(f.image,b,c);if(P(a,\"INPUT\")&&\"hidden\"==a.type.toLowerCase()||P(a,\"NOSCRIPT\"))return!1;f=T(a,\"visibility\");return\"collapse\"!=f&&\"hidden\"!=f&&c(a)&&(b||0!=Pa(a))&&e(a)?!d(a):!1}var W=\"hidden\";\nfunction Na(a){function b(k){function l(ba){if(ba==h)return!0;var pa=T(ba,\"display\");return 0==pa.lastIndexOf(\"inline\",0)||\"contents\"==pa||\"absolute\"==qa&&\"static\"==T(ba,\"position\")?!1:!0}var qa=T(k,\"position\");if(\"fixed\"==qa)return ra=!0,k==h?null:h;for(k=S(k);k&&!l(k);)k=S(k);return k}function c(k){var l=k;if(\"visible\"==D)if(k==h&&n)l=n;else if(k==n)return{x:\"visible\",y:\"visible\"};l={x:T(l,\"overflow-x\"),y:T(l,\"overflow-y\")};k==h&&(l.x=\"visible\"==l.x?\"auto\":l.x,l.y=\"visible\"==l.y?\"auto\":l.y);return l}\nfunction e(k){if(k==h){var l=(new Ka(f)).a;k=l.scrollingElement?l.scrollingElement:za||\"CSS1Compat\"!=l.compatMode?l.body||l.documentElement:l.documentElement;l=l.parentWindow||l.defaultView;k=C&&Ba(\"10\")&&l.pageYOffset!=k.scrollTop?new L(k.scrollLeft,k.scrollTop):new L(l.pageXOffset||k.scrollLeft,l.pageYOffset||k.scrollTop)}else k=new L(k.scrollLeft,k.scrollTop);return k}var d=Qa(a),f=N(a),h=f.documentElement,n=f.body,D=T(h,\"overflow\"),ra;for(a=b(a);a;a=b(a)){var q=c(a);if(\"visible\"!=q.x||\"visible\"!=\nq.y){var t=V(a);if(0==t.width||0==t.height)return W;var z=d.a\u003Ct.a,O=d.b\u003Ct.b;if(z&&\"hidden\"==q.x||O&&\"hidden\"==q.y)return W;if(z&&\"visible\"!=q.x||O&&\"visible\"!=q.y){z=e(a);O=d.b\u003Ct.b-z.y;if(d.a\u003Ct.a-z.x&&\"visible\"!=q.x||O&&\"visible\"!=q.x)return W;d=Na(a);return d==W?W:\"scroll\"}z=d.c>=t.a+t.width;t=d.f>=t.b+t.height;if(z&&\"hidden\"==q.x||t&&\"hidden\"==q.y)return W;if(z&&\"visible\"!=q.x||t&&\"visible\"!=q.y){if(ra&&(q=e(a),d.c>=h.scrollWidth-q.x||d.a>=h.scrollHeight-q.y))return W;d=Na(a);return d==W?W:\"scroll\"}}}return\"none\"}\nfunction V(a){var b=Oa(a);if(b)return b.rect;if(P(a,\"HTML\"))return a=N(a),a=((a?a.parentWindow||a.defaultView:window)||window).document,a=\"CSS1Compat\"==a.compatMode?a.documentElement:a.body,a=new M(a.clientWidth,a.clientHeight),new R(0,0,a.width,a.height);try{var c=a.getBoundingClientRect()}catch(e){return new R(0,0,0,0)}b=new R(c.left,c.top,c.right-c.left,c.bottom-c.top);C&&a.ownerDocument.body&&(a=N(a),b.a-=a.documentElement.clientLeft+a.body.clientLeft,b.b-=a.documentElement.clientTop+a.body.clientTop);\nreturn b}\nfunction Oa(a){var b=P(a,\"MAP\");if(!b&&!P(a,\"AREA\"))return null;var c=b?a:P(a.parentNode,\"MAP\")?a.parentNode:null,e=null,d=null;if(c&&c.name){e='*[usemap=\"#'+c.name+'\"]';c=N(c);var f;if(f=\"function\"!=aa(c.querySelector)&&C&&(C?0\u003C=na(I,8):Ba(8))){f=c.querySelector;var h=typeof f;f=!(\"object\"==h&&null!=f||\"function\"==h)}if(f)throw Error(\"CSS selection is not supported\");if(!e)throw new m(32,\"No selector specified\");e=u(e);try{var n=c.querySelector(e)}catch(D){throw new m(32,\"An invalid or illegal selector was specified\");}if(e=\nn&&1==n.nodeType?n:null)d=V(e),b||\"default\"==a.shape.toLowerCase()||(a=Ra(a),b=Math.min(Math.max(a.a,0),d.width),n=Math.min(Math.max(a.b,0),d.height),d=new R(b+d.a,n+d.b,Math.min(a.width,d.width-b),Math.min(a.height,d.height-n)))}return{image:e,rect:d||new R(0,0,0,0)}}\nfunction Ra(a){var b=a.shape.toLowerCase();a=a.coords.split(\",\");if(\"rect\"==b&&4==a.length){b=a[0];var c=a[1];return new R(b,c,a[2]-b,a[3]-c)}if(\"circle\"==b&&3==a.length)return b=a[2],new R(a[0]-b,a[1]-b,2*b,2*b);if(\"poly\"==b&&2\u003Ca.length){b=a[0];c=a[1];for(var e=b,d=c,f=2;f+1\u003Ca.length;f+=2)b=Math.min(b,a[f]),e=Math.max(e,a[f]),c=Math.min(c,a[f+1]),d=Math.max(d,a[f+1]);return new R(b,c,e-b,d-c)}return new R(0,0,0,0)}function Qa(a){a=V(a);return new Q(a.b,a.a+a.width,a.b+a.height,a.a)}\nfunction Pa(a){if(Ia){if(\"relative\"==T(a,\"position\"))return 1;a=T(a,\"filter\");return(a=a.match(/^alpha\\(opacity=(\\d*)\\)/)||a.match(/^progid:DXImageTransform.Microsoft.Alpha\\(Opacity=(\\d*)\\)/))?Number(a[1])/100:1}return Sa(a)}function Sa(a){var b=1,c=T(a,\"opacity\");c&&(b=Number(c));(a=S(a))&&(b*=Sa(a));return b};function Ta(a,b){function c(e){if(P(e)&&\"none\"==T(e,\"display\"))return!1;var d;if((d=e.parentNode)&&d.shadowRoot&&void 0!==e.assignedSlot)d=e.assignedSlot?e.assignedSlot.parentNode:null;else if(e.getDestinationInsertionPoints){var f=e.getDestinationInsertionPoints();0\u003Cf.length&&(d=f[f.length-1])}if(La&&d instanceof ShadowRoot){if(d.host.shadowRoot&&d.host.shadowRoot!==d)return!1;d=d.host}return!d||9!=d.nodeType&&11!=d.nodeType?d&&P(d,\"DETAILS\")&&!d.open&&!P(e,\"SUMMARY\")?!1:!!d&&c(d):!0}return U(a,\n!!b,c)}var X=[\"_\"],Y=g;X[0]in Y||\"undefined\"==typeof Y.execScript||Y.execScript(\"var \"+X[0]);for(var Z;X.length&&(Z=X.shift());)X.length||void 0===Ta?Y[Z]&&Y[Z]!==Object.prototype[Z]?Y=Y[Z]:Y=Y[Z]={}:Y[Z]=Ta;; return this._.apply(null,arguments);}).apply({navigator:typeof window!='undefined'?window.navigator:null,document:typeof window!='undefined'?window.document:null}, arguments);}\n).apply(null, arguments);"
}
[1773332944.444][INFO]: Waiting for pending navigations...
[1773332944.444][INFO]: Done waiting for pending navigations. Status: ok
[1773332944.446][INFO]: Waiting for pending navigations...
[1773332944.446][INFO]: Done waiting for pending navigations. Status: ok
[1773332944.446][INFO]: [1d88d04bd3bde031f168f5b63152518c] RESPONSE ExecuteScript true
[1773332944.447][INFO]: [1d88d04bd3bde031f168f5b63152518c] COMMAND ClearElement {
   "id": "f.07D6AA562BB646E8E62464526E4E3A93.d.B9271E1BF4A394B8DEA0DC200762CFB2.e.953"
}
[1773332944.447][INFO]: Waiting for pending navigations...
[1773332944.448][INFO]: Done waiting for pending navigations. Status: ok
[1773332944.456][INFO]: Waiting for pending navigations...
[1773332944.456][INFO]: Done waiting for pending navigations. Status: ok
[1773332944.456][INFO]: [1d88d04bd3bde031f168f5b63152518c] RESPONSE ClearElement
[1773332944.457][INFO]: [1d88d04bd3bde031f168f5b63152518c] COMMAND TypeElement {
   "id": "f.07D6AA562BB646E8E62464526E4E3A93.d.B9271E1BF4A394B8DEA0DC200762CFB2.e.953",
   "text": "Coffee Mug",
   "value": [ "C", "o", "f", "f", "e", "e", " ", "M", "u", "g" ]
}
[1773332944.457][INFO]: Waiting for pending navigations...
[1773332944.458][INFO]: Done waiting for pending navigations. Status: ok
[1773332944.481][INFO]: Waiting for pending navigations...
[1773332944.481][INFO]: Done waiting for pending navigations. Status: ok
[1773332944.481][INFO]: [1d88d04bd3bde031f168f5b63152518c] RESPONSE TypeElement
[1773332944.482][INFO]: [1d88d04bd3bde031f168f5b63152518c] COMMAND ExecuteScript {
   "args": [ {
      "element-6066-11e4-a52e-4f735466cecf": "f.07D6AA562BB646E8E62464526E4E3A93.d.B9271E1BF4A394B8DEA0DC200762CFB2.e.953"
   } ],
   "script": "/* submitForm */var form = arguments[0];\nwhile (form.nodeName != \"FORM\" && form.parentNode) {\n  form = form.parentNode;\n}\nif (!form) { throw Error('Unable to find containing form element'); }\nif (!form.ownerDocument) { throw Error('Unable to find owning document'); }\nvar e = form.ownerDocument.createEvent('Event');\ne.initEvent('submit', true, true);\nif (form.dispatchEvent(e)) { HTMLFormElement.prototype.submit.call(form) }\n"
}
[1773332944.482][INFO]: Waiting for pending navigations...
[1773332944.482][INFO]: Done waiting for pending navigations. Status: ok
[1773332944.485][INFO]: Waiting for pending navigations...
[1773332947.064][INFO]: Done waiting for pending navigations. Status: ok
[1773332947.064][INFO]: [1d88d04bd3bde031f168f5b63152518c] RESPONSE ExecuteScript null
[1773332947.070][INFO]: [1d88d04bd3bde031f168f5b63152518c] COMMAND FindElement {
   "using": "xpath",
   "value": "//div[text()='4★ & above']"
}
[1773332947.070][INFO]: Waiting for pending navigations...
[1773332947.071][INFO]: Done waiting for pending navigations. Status: ok
[1773332947.079][INFO]: Waiting for pending navigations...
[1773332947.079][INFO]: Done waiting for pending navigations. Status: ok
[1773332947.079][INFO]: [1d88d04bd3bde031f168f5b63152518c] RESPONSE FindElement {
   "element-6066-11e4-a52e-4f735466cecf": "f.07D6AA562BB646E8E62464526E4E3A93.d.5592B5938D311408C23C1E5CD9B6C56F.e.1141"
}
[1773332947.081][INFO]: [1d88d04bd3bde031f168f5b63152518c] COMMAND ExecuteScript {
   "args": [ {
      "element-6066-11e4-a52e-4f735466cecf": "f.07D6AA562BB646E8E62464526E4E3A93.d.5592B5938D311408C23C1E5CD9B6C56F.e.1141"
   } ],
   "script": "/* isDisplayed */return (function(){return (function(){var g=this||self;\nfunction aa(a){var b=typeof a;if(\"object\"==b)if(a){if(a instanceof Array)return\"array\";if(a instanceof Object)return b;var c=Object.prototype.toString.call(a);if(\"[object Window]\"==c)return\"object\";if(\"[object Array]\"==c||\"number\"==typeof a.length&&\"undefined\"!=typeof a.splice&&\"undefined\"!=typeof a.propertyIsEnumerable&&!a.propertyIsEnumerable(\"splice\"))return\"array\";if(\"[object Function]\"==c||\"undefined\"!=typeof a.call&&\"undefined\"!=typeof a.propertyIsEnumerable&&!a.propertyIsEnumerable(\"call\"))return\"function\"}else return\"null\";else if(\"function\"==\nb&&\"undefined\"==typeof a.call)return\"object\";return b}function ca(a,b){function c(){}c.prototype=b.prototype;a.prototype=new c;a.prototype.constructor=a};var da=Array.prototype.indexOf?function(a,b){return Array.prototype.indexOf.call(a,b,void 0)}:function(a,b){if(\"string\"===typeof a)return\"string\"!==typeof b||1!=b.length?-1:a.indexOf(b,0);for(var c=0;c\u003Ca.length;c++)if(c in a&&a[c]===b)return c;return-1},ea=Array.prototype.some?function(a,b){return Array.prototype.some.call(a,b,void 0)}:function(a,b){for(var c=a.length,e=\"string\"===typeof a?a.split(\"\"):a,d=0;d\u003Cc;d++)if(d in e&&b.call(void 0,e[d],d,a))return!0;return!1},fa=Array.prototype.every?function(a,\nb){return Array.prototype.every.call(a,b,void 0)}:function(a,b){for(var c=a.length,e=\"string\"===typeof a?a.split(\"\"):a,d=0;d\u003Cc;d++)if(d in e&&!b.call(void 0,e[d],d,a))return!1;return!0};var ha={aliceblue:\"#f0f8ff\",antiquewhite:\"#faebd7\",aqua:\"#00ffff\",aquamarine:\"#7fffd4\",azure:\"#f0ffff\",beige:\"#f5f5dc\",bisque:\"#ffe4c4\",black:\"#000000\",blanchedalmond:\"#ffebcd\",blue:\"#0000ff\",blueviolet:\"#8a2be2\",brown:\"#a52a2a\",burlywood:\"#deb887\",cadetblue:\"#5f9ea0\",chartreuse:\"#7fff00\",chocolate:\"#d2691e\",coral:\"#ff7f50\",cornflowerblue:\"#6495ed\",cornsilk:\"#fff8dc\",crimson:\"#dc143c\",cyan:\"#00ffff\",darkblue:\"#00008b\",darkcyan:\"#008b8b\",darkgoldenrod:\"#b8860b\",darkgray:\"#a9a9a9\",darkgreen:\"#006400\",\ndarkgrey:\"#a9a9a9\",darkkhaki:\"#bdb76b\",darkmagenta:\"#8b008b\",darkolivegreen:\"#556b2f\",darkorange:\"#ff8c00\",darkorchid:\"#9932cc\",darkred:\"#8b0000\",darksalmon:\"#e9967a\",darkseagreen:\"#8fbc8f\",darkslateblue:\"#483d8b\",darkslategray:\"#2f4f4f\",darkslategrey:\"#2f4f4f\",darkturquoise:\"#00ced1\",darkviolet:\"#9400d3\",deeppink:\"#ff1493\",deepskyblue:\"#00bfff\",dimgray:\"#696969\",dimgrey:\"#696969\",dodgerblue:\"#1e90ff\",firebrick:\"#b22222\",floralwhite:\"#fffaf0\",forestgreen:\"#228b22\",fuchsia:\"#ff00ff\",gainsboro:\"#dcdcdc\",\nghostwhite:\"#f8f8ff\",gold:\"#ffd700\",goldenrod:\"#daa520\",gray:\"#808080\",green:\"#008000\",greenyellow:\"#adff2f\",grey:\"#808080\",honeydew:\"#f0fff0\",hotpink:\"#ff69b4\",indianred:\"#cd5c5c\",indigo:\"#4b0082\",ivory:\"#fffff0\",khaki:\"#f0e68c\",lavender:\"#e6e6fa\",lavenderblush:\"#fff0f5\",lawngreen:\"#7cfc00\",lemonchiffon:\"#fffacd\",lightblue:\"#add8e6\",lightcoral:\"#f08080\",lightcyan:\"#e0ffff\",lightgoldenrodyellow:\"#fafad2\",lightgray:\"#d3d3d3\",lightgreen:\"#90ee90\",lightgrey:\"#d3d3d3\",lightpink:\"#ffb6c1\",lightsalmon:\"#ffa07a\",\nlightseagreen:\"#20b2aa\",lightskyblue:\"#87cefa\",lightslategray:\"#778899\",lightslategrey:\"#778899\",lightsteelblue:\"#b0c4de\",lightyellow:\"#ffffe0\",lime:\"#00ff00\",limegreen:\"#32cd32\",linen:\"#faf0e6\",magenta:\"#ff00ff\",maroon:\"#800000\",mediumaquamarine:\"#66cdaa\",mediumblue:\"#0000cd\",mediumorchid:\"#ba55d3\",mediumpurple:\"#9370db\",mediumseagreen:\"#3cb371\",mediumslateblue:\"#7b68ee\",mediumspringgreen:\"#00fa9a\",mediumturquoise:\"#48d1cc\",mediumvioletred:\"#c71585\",midnightblue:\"#191970\",mintcream:\"#f5fffa\",mistyrose:\"#ffe4e1\",\nmoccasin:\"#ffe4b5\",navajowhite:\"#ffdead\",navy:\"#000080\",oldlace:\"#fdf5e6\",olive:\"#808000\",olivedrab:\"#6b8e23\",orange:\"#ffa500\",orangered:\"#ff4500\",orchid:\"#da70d6\",palegoldenrod:\"#eee8aa\",palegreen:\"#98fb98\",paleturquoise:\"#afeeee\",palevioletred:\"#db7093\",papayawhip:\"#ffefd5\",peachpuff:\"#ffdab9\",peru:\"#cd853f\",pink:\"#ffc0cb\",plum:\"#dda0dd\",powderblue:\"#b0e0e6\",purple:\"#800080\",red:\"#ff0000\",rosybrown:\"#bc8f8f\",royalblue:\"#4169e1\",saddlebrown:\"#8b4513\",salmon:\"#fa8072\",sandybrown:\"#f4a460\",seagreen:\"#2e8b57\",\nseashell:\"#fff5ee\",sienna:\"#a0522d\",silver:\"#c0c0c0\",skyblue:\"#87ceeb\",slateblue:\"#6a5acd\",slategray:\"#708090\",slategrey:\"#708090\",snow:\"#fffafa\",springgreen:\"#00ff7f\",steelblue:\"#4682b4\",tan:\"#d2b48c\",teal:\"#008080\",thistle:\"#d8bfd8\",tomato:\"#ff6347\",turquoise:\"#40e0d0\",violet:\"#ee82ee\",wheat:\"#f5deb3\",white:\"#ffffff\",whitesmoke:\"#f5f5f5\",yellow:\"#ffff00\",yellowgreen:\"#9acd32\"};var ia=\"backgroundColor borderTopColor borderRightColor borderBottomColor borderLeftColor color outlineColor\".split(\" \"),ja=/#([0-9a-fA-F])([0-9a-fA-F])([0-9a-fA-F])/,ka=/^#(?:[0-9a-f]{3}){1,2}$/i,la=/^(?:rgba)?\\((\\d{1,3}),\\s?(\\d{1,3}),\\s?(\\d{1,3}),\\s?(0|1|0\\.\\d*)\\)$/i,ma=/^(?:rgb)?\\((0|[1-9]\\d{0,2}),\\s?(0|[1-9]\\d{0,2}),\\s?(0|[1-9]\\d{0,2})\\)$/i;function m(a,b){this.code=a;this.a=p[a]||r;this.message=b||\"\";a=this.a.replace(/((?:^|\\s+)[a-z])/g,function(c){return c.toUpperCase().replace(/^[\\s\\xa0]+/g,\"\")});b=a.length-5;if(0>b||a.indexOf(\"Error\",b)!=b)a+=\"Error\";this.name=a;a=Error(this.message);a.name=this.name;this.stack=a.stack||\"\"}ca(m,Error);var r=\"unknown error\",p={15:\"element not selectable\",11:\"element not visible\"};p[31]=r;p[30]=r;p[24]=\"invalid cookie domain\";p[29]=\"invalid element coordinates\";p[12]=\"invalid element state\";\np[32]=\"invalid selector\";p[51]=\"invalid selector\";p[52]=\"invalid selector\";p[17]=\"javascript error\";p[405]=\"unsupported operation\";p[34]=\"move target out of bounds\";p[27]=\"no such alert\";p[7]=\"no such element\";p[8]=\"no such frame\";p[23]=\"no such window\";p[28]=\"script timeout\";p[33]=\"session not created\";p[10]=\"stale element reference\";p[21]=\"timeout\";p[25]=\"unable to set cookie\";p[26]=\"unexpected alert open\";p[13]=r;p[9]=\"unknown command\";var u=String.prototype.trim?function(a){return a.trim()}:function(a){return/^[\\s\\xa0]*([\\s\\S]*?)[\\s\\xa0]*$/.exec(a)[1]};\nfunction na(a,b){var c=0;a=u(String(a)).split(\".\");b=u(String(b)).split(\".\");for(var e=Math.max(a.length,b.length),d=0;0==c&&d\u003Ce;d++){var f=a[d]||\"\",h=b[d]||\"\";do{f=/(\\d*)(\\D*)(.*)/.exec(f)||[\"\",\"\",\"\",\"\"];h=/(\\d*)(\\D*)(.*)/.exec(h)||[\"\",\"\",\"\",\"\"];if(0==f[0].length&&0==h[0].length)break;c=v(0==f[1].length?0:parseInt(f[1],10),0==h[1].length?0:parseInt(h[1],10))||v(0==f[2].length,0==h[2].length)||v(f[2],h[2]);f=f[3];h=h[3]}while(0==c)}return c}function v(a,b){return a\u003Cb?-1:a>b?1:0};var w;a:{var oa=g.navigator;if(oa){var sa=oa.userAgent;if(sa){w=sa;break a}}w=\"\"}function x(a){return-1!=w.indexOf(a)};function y(){return x(\"Firefox\")||x(\"FxiOS\")}function A(){return(x(\"Chrome\")||x(\"CriOS\"))&&!x(\"Edge\")};function ta(a){return String(a).replace(/\\-([a-z])/g,function(b,c){return c.toUpperCase()})};function B(){return x(\"iPhone\")&&!x(\"iPod\")&&!x(\"iPad\")};function ua(a,b){var c=va;return Object.prototype.hasOwnProperty.call(c,a)?c[a]:c[a]=b(a)};var wa=x(\"Opera\"),C=x(\"Trident\")||x(\"MSIE\"),xa=x(\"Edge\"),ya=x(\"Gecko\")&&!(-1!=w.toLowerCase().indexOf(\"webkit\")&&!x(\"Edge\"))&&!(x(\"Trident\")||x(\"MSIE\"))&&!x(\"Edge\"),za=-1!=w.toLowerCase().indexOf(\"webkit\")&&!x(\"Edge\");function Aa(){var a=g.document;return a?a.documentMode:void 0}var E;\na:{var F=\"\",G=function(){var a=w;if(ya)return/rv:([^\\);]+)(\\)|;)/.exec(a);if(xa)return/Edge\\/([\\d\\.]+)/.exec(a);if(C)return/\\b(?:MSIE|rv)[: ]([^\\);]+)(\\)|;)/.exec(a);if(za)return/WebKit\\/(\\S+)/.exec(a);if(wa)return/(?:Version)[ \\/]?(\\S+)/.exec(a)}();G&&(F=G?G[1]:\"\");if(C){var H=Aa();if(null!=H&&H>parseFloat(F)){E=String(H);break a}}E=F}var va={};function Ba(a){return ua(a,function(){return 0\u003C=na(E,a)})}var I;I=g.document&&C?Aa():void 0;var Ca=y(),Da=B()||x(\"iPod\"),Ea=x(\"iPad\"),Fa=x(\"Android\")&&!(A()||y()||x(\"Opera\")||x(\"Silk\")),Ga=A(),Ha=x(\"Safari\")&&!(A()||x(\"Coast\")||x(\"Opera\")||x(\"Edge\")||x(\"Edg/\")||x(\"OPR\")||y()||x(\"Silk\")||x(\"Android\"))&&!(B()||x(\"iPad\")||x(\"iPod\"));function J(a){return(a=a.exec(w))?a[1]:\"\"}(function(){if(Ca)return J(/Firefox\\/([0-9.]+)/);if(C||xa||wa)return E;if(Ga)return B()||x(\"iPad\")||x(\"iPod\")?J(/CriOS\\/([0-9.]+)/):J(/Chrome\\/([0-9.]+)/);if(Ha&&!(B()||x(\"iPad\")||x(\"iPod\")))return J(/Version\\/([0-9.]+)/);if(Da||Ea){var a=/Version\\/(\\S+).*Mobile\\/(\\S+)/.exec(w);if(a)return a[1]+\".\"+a[2]}else if(Fa)return(a=J(/Android\\s+([0-9.]+)/))?a:J(/Version\\/([0-9.]+)/);return\"\"})();var K;if(K=C)K=!(9\u003C=Number(I));var Ia=K;function L(a,b){this.x=void 0!==a?a:0;this.y=void 0!==b?b:0}L.prototype.ceil=function(){this.x=Math.ceil(this.x);this.y=Math.ceil(this.y);return this};L.prototype.floor=function(){this.x=Math.floor(this.x);this.y=Math.floor(this.y);return this};L.prototype.round=function(){this.x=Math.round(this.x);this.y=Math.round(this.y);return this};function M(a,b){this.width=a;this.height=b}M.prototype.aspectRatio=function(){return this.width/this.height};M.prototype.ceil=function(){this.width=Math.ceil(this.width);this.height=Math.ceil(this.height);return this};M.prototype.floor=function(){this.width=Math.floor(this.width);this.height=Math.floor(this.height);return this};M.prototype.round=function(){this.width=Math.round(this.width);this.height=Math.round(this.height);return this};function N(a){return 9==a.nodeType?a:a.ownerDocument||a.document}function Ja(a,b){a&&(a=a.parentNode);for(var c=0;a;){if(b(a))return a;a=a.parentNode;c++}return null}function Ka(a){this.a=a||g.document||document};function P(a,b){b&&\"string\"!==typeof b&&(b=b.toString());return!!a&&1==a.nodeType&&(!b||a.tagName.toUpperCase()==b)};function Q(a,b,c,e){this.f=a;this.a=b;this.b=c;this.c=e}Q.prototype.ceil=function(){this.f=Math.ceil(this.f);this.a=Math.ceil(this.a);this.b=Math.ceil(this.b);this.c=Math.ceil(this.c);return this};Q.prototype.floor=function(){this.f=Math.floor(this.f);this.a=Math.floor(this.a);this.b=Math.floor(this.b);this.c=Math.floor(this.c);return this};Q.prototype.round=function(){this.f=Math.round(this.f);this.a=Math.round(this.a);this.b=Math.round(this.b);this.c=Math.round(this.c);return this};function R(a,b,c,e){this.a=a;this.b=b;this.width=c;this.height=e}R.prototype.ceil=function(){this.a=Math.ceil(this.a);this.b=Math.ceil(this.b);this.width=Math.ceil(this.width);this.height=Math.ceil(this.height);return this};R.prototype.floor=function(){this.a=Math.floor(this.a);this.b=Math.floor(this.b);this.width=Math.floor(this.width);this.height=Math.floor(this.height);return this};\nR.prototype.round=function(){this.a=Math.round(this.a);this.b=Math.round(this.b);this.width=Math.round(this.width);this.height=Math.round(this.height);return this};var La=\"function\"===typeof ShadowRoot;function S(a){for(a=a.parentNode;a&&1!=a.nodeType&&9!=a.nodeType&&11!=a.nodeType;)a=a.parentNode;return P(a)?a:null}\nfunction T(a,b){b=ta(b);if(\"float\"==b||\"cssFloat\"==b||\"styleFloat\"==b)b=Ia?\"styleFloat\":\"cssFloat\";a:{var c=b;var e=N(a);if(e.defaultView&&e.defaultView.getComputedStyle&&(e=e.defaultView.getComputedStyle(a,null))){c=e[c]||e.getPropertyValue(c)||\"\";break a}c=\"\"}a=c||Ma(a,b);if(null===a)a=null;else if(0\u003C=da(ia,b)){b:{var d=a.match(la);if(d&&(b=Number(d[1]),c=Number(d[2]),e=Number(d[3]),d=Number(d[4]),0\u003C=b&&255>=b&&0\u003C=c&&255>=c&&0\u003C=e&&255>=e&&0\u003C=d&&1>=d)){b=[b,c,e,d];break b}b=null}if(!b)b:{if(e=a.match(ma))if(b=\nNumber(e[1]),c=Number(e[2]),e=Number(e[3]),0\u003C=b&&255>=b&&0\u003C=c&&255>=c&&0\u003C=e&&255>=e){b=[b,c,e,1];break b}b=null}if(!b)b:{b=a.toLowerCase();c=ha[b.toLowerCase()];if(!c&&(c=\"#\"==b.charAt(0)?b:\"#\"+b,4==c.length&&(c=c.replace(ja,\"#$1$1$2$2$3$3\")),!ka.test(c))){b=null;break b}b=[parseInt(c.substr(1,2),16),parseInt(c.substr(3,2),16),parseInt(c.substr(5,2),16),1]}a=b?\"rgba(\"+b.join(\", \")+\")\":a}return a}\nfunction Ma(a,b){var c=a.currentStyle||a.style,e=c[b];void 0===e&&\"function\"==aa(c.getPropertyValue)&&(e=c.getPropertyValue(b));return\"inherit\"!=e?void 0!==e?e:null:(a=S(a))?Ma(a,b):null}\nfunction U(a,b,c){function e(h){var n=V(h);return 0\u003Cn.height&&0\u003Cn.width?!0:P(h,\"PATH\")&&(0\u003Cn.height||0\u003Cn.width)?(h=T(h,\"stroke-width\"),!!h&&0\u003CparseInt(h,10)):\"hidden\"!=T(h,\"overflow\")&&ea(h.childNodes,function(D){return 3==D.nodeType||P(D)&&e(D)})}function d(h){return Na(h)==W&&fa(h.childNodes,function(n){return!P(n)||d(n)||!e(n)})}if(!P(a))throw Error(\"Argument to isShown must be of type Element\");if(P(a,\"BODY\"))return!0;if(P(a,\"OPTION\")||P(a,\"OPTGROUP\"))return a=Ja(a,function(h){return P(h,\"SELECT\")}),\n!!a&&U(a,!0,c);var f=Oa(a);if(f)return!!f.image&&0\u003Cf.rect.width&&0\u003Cf.rect.height&&U(f.image,b,c);if(P(a,\"INPUT\")&&\"hidden\"==a.type.toLowerCase()||P(a,\"NOSCRIPT\"))return!1;f=T(a,\"visibility\");return\"collapse\"!=f&&\"hidden\"!=f&&c(a)&&(b||0!=Pa(a))&&e(a)?!d(a):!1}var W=\"hidden\";\nfunction Na(a){function b(k){function l(ba){if(ba==h)return!0;var pa=T(ba,\"display\");return 0==pa.lastIndexOf(\"inline\",0)||\"contents\"==pa||\"absolute\"==qa&&\"static\"==T(ba,\"position\")?!1:!0}var qa=T(k,\"position\");if(\"fixed\"==qa)return ra=!0,k==h?null:h;for(k=S(k);k&&!l(k);)k=S(k);return k}function c(k){var l=k;if(\"visible\"==D)if(k==h&&n)l=n;else if(k==n)return{x:\"visible\",y:\"visible\"};l={x:T(l,\"overflow-x\"),y:T(l,\"overflow-y\")};k==h&&(l.x=\"visible\"==l.x?\"auto\":l.x,l.y=\"visible\"==l.y?\"auto\":l.y);return l}\nfunction e(k){if(k==h){var l=(new Ka(f)).a;k=l.scrollingElement?l.scrollingElement:za||\"CSS1Compat\"!=l.compatMode?l.body||l.documentElement:l.documentElement;l=l.parentWindow||l.defaultView;k=C&&Ba(\"10\")&&l.pageYOffset!=k.scrollTop?new L(k.scrollLeft,k.scrollTop):new L(l.pageXOffset||k.scrollLeft,l.pageYOffset||k.scrollTop)}else k=new L(k.scrollLeft,k.scrollTop);return k}var d=Qa(a),f=N(a),h=f.documentElement,n=f.body,D=T(h,\"overflow\"),ra;for(a=b(a);a;a=b(a)){var q=c(a);if(\"visible\"!=q.x||\"visible\"!=\nq.y){var t=V(a);if(0==t.width||0==t.height)return W;var z=d.a\u003Ct.a,O=d.b\u003Ct.b;if(z&&\"hidden\"==q.x||O&&\"hidden\"==q.y)return W;if(z&&\"visible\"!=q.x||O&&\"visible\"!=q.y){z=e(a);O=d.b\u003Ct.b-z.y;if(d.a\u003Ct.a-z.x&&\"visible\"!=q.x||O&&\"visible\"!=q.x)return W;d=Na(a);return d==W?W:\"scroll\"}z=d.c>=t.a+t.width;t=d.f>=t.b+t.height;if(z&&\"hidden\"==q.x||t&&\"hidden\"==q.y)return W;if(z&&\"visible\"!=q.x||t&&\"visible\"!=q.y){if(ra&&(q=e(a),d.c>=h.scrollWidth-q.x||d.a>=h.scrollHeight-q.y))return W;d=Na(a);return d==W?W:\"scroll\"}}}return\"none\"}\nfunction V(a){var b=Oa(a);if(b)return b.rect;if(P(a,\"HTML\"))return a=N(a),a=((a?a.parentWindow||a.defaultView:window)||window).document,a=\"CSS1Compat\"==a.compatMode?a.documentElement:a.body,a=new M(a.clientWidth,a.clientHeight),new R(0,0,a.width,a.height);try{var c=a.getBoundingClientRect()}catch(e){return new R(0,0,0,0)}b=new R(c.left,c.top,c.right-c.left,c.bottom-c.top);C&&a.ownerDocument.body&&(a=N(a),b.a-=a.documentElement.clientLeft+a.body.clientLeft,b.b-=a.documentElement.clientTop+a.body.clientTop);\nreturn b}\nfunction Oa(a){var b=P(a,\"MAP\");if(!b&&!P(a,\"AREA\"))return null;var c=b?a:P(a.parentNode,\"MAP\")?a.parentNode:null,e=null,d=null;if(c&&c.name){e='*[usemap=\"#'+c.name+'\"]';c=N(c);var f;if(f=\"function\"!=aa(c.querySelector)&&C&&(C?0\u003C=na(I,8):Ba(8))){f=c.querySelector;var h=typeof f;f=!(\"object\"==h&&null!=f||\"function\"==h)}if(f)throw Error(\"CSS selection is not supported\");if(!e)throw new m(32,\"No selector specified\");e=u(e);try{var n=c.querySelector(e)}catch(D){throw new m(32,\"An invalid or illegal selector was specified\");}if(e=\nn&&1==n.nodeType?n:null)d=V(e),b||\"default\"==a.shape.toLowerCase()||(a=Ra(a),b=Math.min(Math.max(a.a,0),d.width),n=Math.min(Math.max(a.b,0),d.height),d=new R(b+d.a,n+d.b,Math.min(a.width,d.width-b),Math.min(a.height,d.height-n)))}return{image:e,rect:d||new R(0,0,0,0)}}\nfunction Ra(a){var b=a.shape.toLowerCase();a=a.coords.split(\",\");if(\"rect\"==b&&4==a.length){b=a[0];var c=a[1];return new R(b,c,a[2]-b,a[3]-c)}if(\"circle\"==b&&3==a.length)return b=a[2],new R(a[0]-b,a[1]-b,2*b,2*b);if(\"poly\"==b&&2\u003Ca.length){b=a[0];c=a[1];for(var e=b,d=c,f=2;f+1\u003Ca.length;f+=2)b=Math.min(b,a[f]),e=Math.max(e,a[f]),c=Math.min(c,a[f+1]),d=Math.max(d,a[f+1]);return new R(b,c,e-b,d-c)}return new R(0,0,0,0)}function Qa(a){a=V(a);return new Q(a.b,a.a+a.width,a.b+a.height,a.a)}\nfunction Pa(a){if(Ia){if(\"relative\"==T(a,\"position\"))return 1;a=T(a,\"filter\");return(a=a.match(/^alpha\\(opacity=(\\d*)\\)/)||a.match(/^progid:DXImageTransform.Microsoft.Alpha\\(Opacity=(\\d*)\\)/))?Number(a[1])/100:1}return Sa(a)}function Sa(a){var b=1,c=T(a,\"opacity\");c&&(b=Number(c));(a=S(a))&&(b*=Sa(a));return b};function Ta(a,b){function c(e){if(P(e)&&\"none\"==T(e,\"display\"))return!1;var d;if((d=e.parentNode)&&d.shadowRoot&&void 0!==e.assignedSlot)d=e.assignedSlot?e.assignedSlot.parentNode:null;else if(e.getDestinationInsertionPoints){var f=e.getDestinationInsertionPoints();0\u003Cf.length&&(d=f[f.length-1])}if(La&&d instanceof ShadowRoot){if(d.host.shadowRoot&&d.host.shadowRoot!==d)return!1;d=d.host}return!d||9!=d.nodeType&&11!=d.nodeType?d&&P(d,\"DETAILS\")&&!d.open&&!P(e,\"SUMMARY\")?!1:!!d&&c(d):!0}return U(a,\n!!b,c)}var X=[\"_\"],Y=g;X[0]in Y||\"undefined\"==typeof Y.execScript||Y.execScript(\"var \"+X[0]);for(var Z;X.length&&(Z=X.shift());)X.length||void 0===Ta?Y[Z]&&Y[Z]!==Object.prototype[Z]?Y=Y[Z]:Y=Y[Z]={}:Y[Z]=Ta;; return this._.apply(null,arguments);}).apply({navigator:typeof window!='undefined'?window.navigator:null,document:typeof window!='undefined'?window.document:null}, arguments);}\n).apply(null, arguments);"
}
[1773332947.081][INFO]: Waiting for pending navigations...
[1773332947.081][INFO]: Done waiting for pending navigations. Status: ok
[1773332947.083][INFO]: Waiting for pending navigations...
[1773332947.084][INFO]: Done waiting for pending navigations. Status: ok
[1773332947.084][INFO]: [1d88d04bd3bde031f168f5b63152518c] RESPONSE ExecuteScript true
[1773332947.085][INFO]: [1d88d04bd3bde031f168f5b63152518c] COMMAND IsElementEnabled {
   "id": "f.07D6AA562BB646E8E62464526E4E3A93.d.5592B5938D311408C23C1E5CD9B6C56F.e.1141"
}
[1773332947.085][INFO]: Waiting for pending navigations...
[1773332947.086][INFO]: Done waiting for pending navigations. Status: ok
[1773332947.088][INFO]: Waiting for pending navigations...
[1773332947.088][INFO]: Done waiting for pending navigations. Status: ok
[1773332947.088][INFO]: [1d88d04bd3bde031f168f5b63152518c] RESPONSE IsElementEnabled true
[1773332947.089][INFO]: [1d88d04bd3bde031f168f5b63152518c] COMMAND ClickElement {
   "id": "f.07D6AA562BB646E8E62464526E4E3A93.d.5592B5938D311408C23C1E5CD9B6C56F.e.1141"
}
[1773332947.089][INFO]: Waiting for pending navigations...
[1773332947.089][INFO]: Done waiting for pending navigations. Status: ok
[1773332947.121][INFO]: Waiting for pending navigations...
[1773332947.122][INFO]: Done waiting for pending navigations. Status: ok
[1773332947.122][INFO]: [1d88d04bd3bde031f168f5b63152518c] RESPONSE ClickElement
[1773332947.124][INFO]: [1d88d04bd3bde031f168f5b63152518c] COMMAND FindElements {
   "using": "xpath",
   "value": "//a[contains(@class,'pIpigb')]"
}
[1773332947.124][INFO]: Waiting for pending navigations...
[1773332947.124][INFO]: Done waiting for pending navigations. Status: ok
[1773332947.128][INFO]: Waiting for pending navigations...
[1773332947.129][INFO]: Done waiting for pending navigations. Status: ok
[1773332947.129][INFO]: [1d88d04bd3bde031f168f5b63152518c] RESPONSE FindElements [ {
   "element-6066-11e4-a52e-4f735466cecf": "f.07D6AA562BB646E8E62464526E4E3A93.d.5592B5938D311408C23C1E5CD9B6C56F.e.1142"
}, {
   "element-6066-11e4-a52e-4f735466cecf": "f.07D6AA562BB646E8E62464526E4E3A93.d.5592B5938D311408C23C1E5CD9B6C56F.e.1143"
}, {
   "element-6066-11e4-a52e-4f735466cecf": "f.07D6AA562BB646E8E62464526E4E3A93.d.5592B5938D311408C23C1E5CD9B6C56F.e.1144"
}, {
   "element-6066-11e4-a52e-4f735466cecf": "f.07D6AA562BB646E8E62464526E4E3A93.d.5592B5938D311408C23C1E5CD9B6C56F.e.1145"
}, {
   "element-6066-11e4-a52e-4f735466cecf": "f.07D6AA562BB646E8E62464526E4E3A93.d.5592B5938D311408C23C1E5CD9B6C56F.e.1146"
}, {
   "element-6066-11e4-a52e-4f735466cecf": "f.07D6AA562BB646E8E62464526E4E3A93.d.5592B5938D311408C23C1E5CD9B6C56F.e.1147"
}, {
   "element-6066-11e4-a52e-4f735466cecf": "f.07D6AA562BB646E8E62464526E4E3A93.d.5592B5938D311408C23C1E5CD9B6C56F.e.1148"
}, {
   "element-6066-11e4-a52e-4f735466cecf": "f.07D6AA562BB646E8E62464526E4E3A93.d.5592B5938D311408C23C1E5CD9B6C56F.e.1149"
}, {
   "element-6066-11e4-a52e-4f735466cecf": "f.07D6AA562BB646E8E62464526E4E3A93.d.5592B5938D311408C23C1E5CD9B6C56F.e.1150"
}, {
   "element-6066-11e4-a52e-4f735466cecf": "f.07D6AA562BB646E8E62464526E4E3A93.d.5592B5938D311408C23C1E5CD9B6C56F.e.1151"
}, {
   "element-6066-11e4-a52e-4f735466cecf": "f.07D6AA562BB646E8E62464526E4E3A93.d.5592B5938D311408C23C1E5CD9B6C56F.e.1152"
}, {
   "element-6066-11e4-a52e-4f735466cecf": "f.07D6AA562BB646E8E62464526E4E3A93.d.5592B5938D311408C23C1E5CD9B6C56F.e.1153"
}, {
   "element-6066-11e4-a52e-4f735466cecf": "f.07D6AA562BB646E8E62464526E4E3A93.d.5592B5938D311408C23C1E5CD9B6C56F.e.1154"
}, {
   "element-6066-11e4-a52e-4f735466cecf": "f.07D6AA562BB646E8E62464526E4E3A93.d.5592B5938D311408C23C1E5CD9B6C56F.e.1155"
}, {
   "element-6066-11e4-a52e-4f735466cecf": "f.07D6AA562BB646E8E62464526E4E3A93.d.5592B5938D311408C23C1E5CD9B6C56F.e.1156"
}, {
   "element-6066-11e4-a52e-4f735466cecf": "f.07D6AA562BB646E8E62464526E4E3A93.d.5592B5938D311408C23C1E5CD9B6C56F.e.1157"
}, {
   "element-6066-11e4-a52e-4f735466cecf": "f.07D6AA562BB646E8E62464526E4E3A93.d.5592B5938D311408C23C1E5CD9B6C56F.e.1158"
}, {
   "element-6066-11e4-a52e-4f735466cecf": "f.07D6AA562BB646E8E62464526E4E3A93.d.5592B5938D311408C23C1E5CD9B6C56F.e.1159"
}, {
   "element-6066-11e4-a52e-4f735466cecf": "f.07D6AA562BB646E8E62464526E4E3A93.d.5592B5938D311408C23C1E5CD9B6C56F.e.1160"
}, "..." ]
[1773332947.130][INFO]: [1d88d04bd3bde031f168f5b63152518c] COMMAND FindElements {
   "using": "xpath",
   "value": "//span[contains(@class,'PvbNMB')]"
}
[1773332947.130][INFO]: Waiting for pending navigations...
[1773332947.130][INFO]: Done waiting for pending navigations. Status: ok
[1773332947.133][INFO]: Waiting for pending navigations...
[1773332947.133][INFO]: Done waiting for pending navigations. Status: ok
[1773332947.133][INFO]: [1d88d04bd3bde031f168f5b63152518c] RESPONSE FindElements [ {
   "element-6066-11e4-a52e-4f735466cecf": "f.07D6AA562BB646E8E62464526E4E3A93.d.5592B5938D311408C23C1E5CD9B6C56F.e.1182"
}, {
   "element-6066-11e4-a52e-4f735466cecf": "f.07D6AA562BB646E8E62464526E4E3A93.d.5592B5938D311408C23C1E5CD9B6C56F.e.1183"
}, {
   "element-6066-11e4-a52e-4f735466cecf": "f.07D6AA562BB646E8E62464526E4E3A93.d.5592B5938D311408C23C1E5CD9B6C56F.e.1184"
}, {
   "element-6066-11e4-a52e-4f735466cecf": "f.07D6AA562BB646E8E62464526E4E3A93.d.5592B5938D311408C23C1E5CD9B6C56F.e.1185"
}, {
   "element-6066-11e4-a52e-4f735466cecf": "f.07D6AA562BB646E8E62464526E4E3A93.d.5592B5938D311408C23C1E5CD9B6C56F.e.1186"
}, {
   "element-6066-11e4-a52e-4f735466cecf": "f.07D6AA562BB646E8E62464526E4E3A93.d.5592B5938D311408C23C1E5CD9B6C56F.e.1187"
}, {
   "element-6066-11e4-a52e-4f735466cecf": "f.07D6AA562BB646E8E62464526E4E3A93.d.5592B5938D311408C23C1E5CD9B6C56F.e.1188"
}, {
   "element-6066-11e4-a52e-4f735466cecf": "f.07D6AA562BB646E8E62464526E4E3A93.d.5592B5938D311408C23C1E5CD9B6C56F.e.1189"
}, {
   "element-6066-11e4-a52e-4f735466cecf": "f.07D6AA562BB646E8E62464526E4E3A93.d.5592B5938D311408C23C1E5CD9B6C56F.e.1190"
}, {
   "element-6066-11e4-a52e-4f735466cecf": "f.07D6AA562BB646E8E62464526E4E3A93.d.5592B5938D311408C23C1E5CD9B6C56F.e.1191"
}, {
   "element-6066-11e4-a52e-4f735466cecf": "f.07D6AA562BB646E8E62464526E4E3A93.d.5592B5938D311408C23C1E5CD9B6C56F.e.1192"
}, {
   "element-6066-11e4-a52e-4f735466cecf": "f.07D6AA562BB646E8E62464526E4E3A93.d.5592B5938D311408C23C1E5CD9B6C56F.e.1193"
}, {
   "element-6066-11e4-a52e-4f735466cecf": "f.07D6AA562BB646E8E62464526E4E3A93.d.5592B5938D311408C23C1E5CD9B6C56F.e.1194"
}, {
   "element-6066-11e4-a52e-4f735466cecf": "f.07D6AA562BB646E8E62464526E4E3A93.d.5592B5938D311408C23C1E5CD9B6C56F.e.1195"
}, {
   "element-6066-11e4-a52e-4f735466cecf": "f.07D6AA562BB646E8E62464526E4E3A93.d.5592B5938D311408C23C1E5CD9B6C56F.e.1196"
}, {
   "element-6066-11e4-a52e-4f735466cecf": "f.07D6AA562BB646E8E62464526E4E3A93.d.5592B5938D311408C23C1E5CD9B6C56F.e.1197"
}, {
   "element-6066-11e4-a52e-4f735466cecf": "f.07D6AA562BB646E8E62464526E4E3A93.d.5592B5938D311408C23C1E5CD9B6C56F.e.1198"
}, {
   "element-6066-11e4-a52e-4f735466cecf": "f.07D6AA562BB646E8E62464526E4E3A93.d.5592B5938D311408C23C1E5CD9B6C56F.e.1199"
}, {
   "element-6066-11e4-a52e-4f735466cecf": "f.07D6AA562BB646E8E62464526E4E3A93.d.5592B5938D311408C23C1E5CD9B6C56F.e.1200"
}, "..." ]
[1773332947.135][INFO]: [1d88d04bd3bde031f168f5b63152518c] COMMAND FindElements {
   "using": "xpath",
   "value": "//img[contains(@class,'UCc1lI')]"
}
[1773332947.135][INFO]: Waiting for pending navigations...
[1773332947.135][INFO]: Done waiting for pending navigations. Status: ok
[1773332947.139][INFO]: Waiting for pending navigations...
[1773332947.140][INFO]: Done waiting for pending navigations. Status: ok
[1773332947.140][INFO]: [1d88d04bd3bde031f168f5b63152518c] RESPONSE FindElements [ {
   "element-6066-11e4-a52e-4f735466cecf": "f.07D6AA562BB646E8E62464526E4E3A93.d.5592B5938D311408C23C1E5CD9B6C56F.e.1100"
}, {
   "element-6066-11e4-a52e-4f735466cecf": "f.07D6AA562BB646E8E62464526E4E3A93.d.5592B5938D311408C23C1E5CD9B6C56F.e.1102"
}, {
   "element-6066-11e4-a52e-4f735466cecf": "f.07D6AA562BB646E8E62464526E4E3A93.d.5592B5938D311408C23C1E5CD9B6C56F.e.1101"
}, {
   "element-6066-11e4-a52e-4f735466cecf": "f.07D6AA562BB646E8E62464526E4E3A93.d.5592B5938D311408C23C1E5CD9B6C56F.e.1103"
}, {
   "element-6066-11e4-a52e-4f735466cecf": "f.07D6AA562BB646E8E62464526E4E3A93.d.5592B5938D311408C23C1E5CD9B6C56F.e.1104"
}, {
   "element-6066-11e4-a52e-4f735466cecf": "f.07D6AA562BB646E8E62464526E4E3A93.d.5592B5938D311408C23C1E5CD9B6C56F.e.1105"
}, {
   "element-6066-11e4-a52e-4f735466cecf": "f.07D6AA562BB646E8E62464526E4E3A93.d.5592B5938D311408C23C1E5CD9B6C56F.e.1106"
}, {
   "element-6066-11e4-a52e-4f735466cecf": "f.07D6AA562BB646E8E62464526E4E3A93.d.5592B5938D311408C23C1E5CD9B6C56F.e.1107"
}, {
   "element-6066-11e4-a52e-4f735466cecf": "f.07D6AA562BB646E8E62464526E4E3A93.d.5592B5938D311408C23C1E5CD9B6C56F.e.1108"
}, {
   "element-6066-11e4-a52e-4f735466cecf": "f.07D6AA562BB646E8E62464526E4E3A93.d.5592B5938D311408C23C1E5CD9B6C56F.e.1109"
}, {
   "element-6066-11e4-a52e-4f735466cecf": "f.07D6AA562BB646E8E62464526E4E3A93.d.5592B5938D311408C23C1E5CD9B6C56F.e.1110"
}, {
   "element-6066-11e4-a52e-4f735466cecf": "f.07D6AA562BB646E8E62464526E4E3A93.d.5592B5938D311408C23C1E5CD9B6C56F.e.1111"
}, {
   "element-6066-11e4-a52e-4f735466cecf": "f.07D6AA562BB646E8E62464526E4E3A93.d.5592B5938D311408C23C1E5CD9B6C56F.e.1112"
}, {
   "element-6066-11e4-a52e-4f735466cecf": "f.07D6AA562BB646E8E62464526E4E3A93.d.5592B5938D311408C23C1E5CD9B6C56F.e.1113"
}, {
   "element-6066-11e4-a52e-4f735466cecf": "f.07D6AA562BB646E8E62464526E4E3A93.d.5592B5938D311408C23C1E5CD9B6C56F.e.1114"
}, {
   "element-6066-11e4-a52e-4f735466cecf": "f.07D6AA562BB646E8E62464526E4E3A93.d.5592B5938D311408C23C1E5CD9B6C56F.e.1115"
}, {
   "element-6066-11e4-a52e-4f735466cecf": "f.07D6AA562BB646E8E62464526E4E3A93.d.5592B5938D311408C23C1E5CD9B6C56F.e.1116"
}, {
   "element-6066-11e4-a52e-4f735466cecf": "f.07D6AA562BB646E8E62464526E4E3A93.d.5592B5938D311408C23C1E5CD9B6C56F.e.1117"
}, {
   "element-6066-11e4-a52e-4f735466cecf": "f.07D6AA562BB646E8E62464526E4E3A93.d.5592B5938D311408C23C1E5CD9B6C56F.e.1118"
}, "..." ]
[1773332947.141][INFO]: [1d88d04bd3bde031f168f5b63152518c] COMMAND GetElementText {
   "id": "f.07D6AA562BB646E8E62464526E4E3A93.d.5592B5938D311408C23C1E5CD9B6C56F.e.1182"
}
[1773332947.141][INFO]: Waiting for pending navigations...
[1773332947.141][INFO]: Done waiting for pending navigations. Status: ok
[1773332947.143][INFO]: Waiting for pending navigations...
[1773332947.143][INFO]: Done waiting for pending navigations. Status: ok
[1773332947.143][INFO]: [1d88d04bd3bde031f168f5b63152518c] RESPONSE GetElementText "(1,498)"
[1773332947.143][INFO]: [1d88d04bd3bde031f168f5b63152518c] COMMAND GetElementText {
   "id": "f.07D6AA562BB646E8E62464526E4E3A93.d.5592B5938D311408C23C1E5CD9B6C56F.e.1183"
}
[1773332947.143][INFO]: Waiting for pending navigations...
[1773332947.144][INFO]: Done waiting for pending navigations. Status: ok
[1773332947.145][INFO]: Waiting for pending navigations...
[1773332947.145][INFO]: Done waiting for pending navigations. Status: ok
[1773332947.145][INFO]: [1d88d04bd3bde031f168f5b63152518c] RESPONSE GetElementText "(169)"
[1773332947.146][INFO]: [1d88d04bd3bde031f168f5b63152518c] COMMAND GetElementText {
   "id": "f.07D6AA562BB646E8E62464526E4E3A93.d.5592B5938D311408C23C1E5CD9B6C56F.e.1184"
}
[1773332947.146][INFO]: Waiting for pending navigations...
[1773332947.146][INFO]: Done waiting for pending navigations. Status: ok
[1773332947.148][INFO]: Waiting for pending navigations...
[1773332947.148][INFO]: Done waiting for pending navigations. Status: ok
[1773332947.148][INFO]: [1d88d04bd3bde031f168f5b63152518c] RESPONSE GetElementText "(5,604)"
[1773332947.148][INFO]: [1d88d04bd3bde031f168f5b63152518c] COMMAND GetElementText {
   "id": "f.07D6AA562BB646E8E62464526E4E3A93.d.5592B5938D311408C23C1E5CD9B6C56F.e.1185"
}
[1773332947.148][INFO]: Waiting for pending navigations...
[1773332947.148][INFO]: Done waiting for pending navigations. Status: ok
[1773332947.150][INFO]: Waiting for pending navigations...
[1773332947.150][INFO]: Done waiting for pending navigations. Status: ok
[1773332947.150][INFO]: [1d88d04bd3bde031f168f5b63152518c] RESPONSE GetElementText "(1,061)"
[1773332947.150][INFO]: [1d88d04bd3bde031f168f5b63152518c] COMMAND GetElementText {
   "id": "f.07D6AA562BB646E8E62464526E4E3A93.d.5592B5938D311408C23C1E5CD9B6C56F.e.1186"
}
[1773332947.150][INFO]: Waiting for pending navigations...
[1773332947.151][INFO]: Done waiting for pending navigations. Status: ok
[1773332947.153][INFO]: Waiting for pending navigations...
[1773332947.154][INFO]: Done waiting for pending navigations. Status: ok
[1773332947.154][INFO]: [1d88d04bd3bde031f168f5b63152518c] RESPONSE GetElementText "(322)"
[1773332947.154][INFO]: [1d88d04bd3bde031f168f5b63152518c] COMMAND GetElementText {
   "id": "f.07D6AA562BB646E8E62464526E4E3A93.d.5592B5938D311408C23C1E5CD9B6C56F.e.1187"
}
[1773332947.154][INFO]: Waiting for pending navigations...
[1773332947.154][INFO]: Done waiting for pending navigations. Status: ok
[1773332947.156][INFO]: Waiting for pending navigations...
[1773332947.156][INFO]: Done waiting for pending navigations. Status: ok
[1773332947.156][INFO]: [1d88d04bd3bde031f168f5b63152518c] RESPONSE GetElementText "(381)"
[1773332947.157][INFO]: [1d88d04bd3bde031f168f5b63152518c] COMMAND GetElementText {
   "id": "f.07D6AA562BB646E8E62464526E4E3A93.d.5592B5938D311408C23C1E5CD9B6C56F.e.1188"
}
[1773332947.157][INFO]: Waiting for pending navigations...
[1773332947.157][INFO]: Done waiting for pending navigations. Status: ok
[1773332947.158][INFO]: Waiting for pending navigations...
[1773332947.159][INFO]: Done waiting for pending navigations. Status: ok
[1773332947.159][INFO]: [1d88d04bd3bde031f168f5b63152518c] RESPONSE GetElementText "(140)"
[1773332947.159][INFO]: [1d88d04bd3bde031f168f5b63152518c] COMMAND GetElementText {
   "id": "f.07D6AA562BB646E8E62464526E4E3A93.d.5592B5938D311408C23C1E5CD9B6C56F.e.1189"
}
[1773332947.159][INFO]: Waiting for pending navigations...
[1773332947.159][INFO]: Done waiting for pending navigations. Status: ok
[1773332947.161][INFO]: Waiting for pending navigations...
[1773332947.161][INFO]: Done waiting for pending navigations. Status: ok
[1773332947.161][INFO]: [1d88d04bd3bde031f168f5b63152518c] RESPONSE GetElementText "(983)"
[1773332947.161][INFO]: [1d88d04bd3bde031f168f5b63152518c] COMMAND GetElementText {
   "id": "f.07D6AA562BB646E8E62464526E4E3A93.d.5592B5938D311408C23C1E5CD9B6C56F.e.1190"
}
[1773332947.161][INFO]: Waiting for pending navigations...
[1773332947.161][INFO]: Done waiting for pending navigations. Status: ok
[1773332947.163][INFO]: Waiting for pending navigations...
[1773332947.163][INFO]: Done waiting for pending navigations. Status: ok
[1773332947.163][INFO]: [1d88d04bd3bde031f168f5b63152518c] RESPONSE GetElementText "(2,059)"
[1773332947.163][INFO]: [1d88d04bd3bde031f168f5b63152518c] COMMAND GetElementText {
   "id": "f.07D6AA562BB646E8E62464526E4E3A93.d.5592B5938D311408C23C1E5CD9B6C56F.e.1191"
}
[1773332947.163][INFO]: Waiting for pending navigations...
[1773332947.164][INFO]: Done waiting for pending navigations. Status: ok
[1773332947.165][INFO]: Waiting for pending navigations...
[1773332947.165][INFO]: Done waiting for pending navigations. Status: ok
[1773332947.165][INFO]: [1d88d04bd3bde031f168f5b63152518c] RESPONSE GetElementText "(1,276)"
[1773332947.166][INFO]: [1d88d04bd3bde031f168f5b63152518c] COMMAND GetElementText {
   "id": "f.07D6AA562BB646E8E62464526E4E3A93.d.5592B5938D311408C23C1E5CD9B6C56F.e.1192"
}
[1773332947.166][INFO]: Waiting for pending navigations...
[1773332947.166][INFO]: Done waiting for pending navigations. Status: ok
[1773332947.168][INFO]: Waiting for pending navigations...
[1773332947.168][INFO]: Done waiting for pending navigations. Status: ok
[1773332947.168][INFO]: [1d88d04bd3bde031f168f5b63152518c] RESPONSE GetElementText "(6)"
[1773332947.169][INFO]: [1d88d04bd3bde031f168f5b63152518c] COMMAND GetElementText {
   "id": "f.07D6AA562BB646E8E62464526E4E3A93.d.5592B5938D311408C23C1E5CD9B6C56F.e.1193"
}
[1773332947.169][INFO]: Waiting for pending navigations...
[1773332947.169][INFO]: Done waiting for pending navigations. Status: ok
[1773332947.171][INFO]: Waiting for pending navigations...
[1773332947.171][INFO]: Done waiting for pending navigations. Status: ok
[1773332947.171][INFO]: [1d88d04bd3bde031f168f5b63152518c] RESPONSE GetElementText "(15)"
[1773332947.172][INFO]: [1d88d04bd3bde031f168f5b63152518c] COMMAND GetElementText {
   "id": "f.07D6AA562BB646E8E62464526E4E3A93.d.5592B5938D311408C23C1E5CD9B6C56F.e.1194"
}
[1773332947.172][INFO]: Waiting for pending navigations...
[1773332947.172][INFO]: Done waiting for pending navigations. Status: ok
[1773332947.173][INFO]: Waiting for pending navigations...
[1773332947.173][INFO]: Done waiting for pending navigations. Status: ok
[1773332947.173][INFO]: [1d88d04bd3bde031f168f5b63152518c] RESPONSE GetElementText "(245)"
[1773332947.174][INFO]: [1d88d04bd3bde031f168f5b63152518c] COMMAND GetElementText {
   "id": "f.07D6AA562BB646E8E62464526E4E3A93.d.5592B5938D311408C23C1E5CD9B6C56F.e.1195"
}
[1773332947.174][INFO]: Waiting for pending navigations...
[1773332947.174][INFO]: Done waiting for pending navigations. Status: ok
[1773332947.176][INFO]: Waiting for pending navigations...
[1773332947.176][INFO]: Done waiting for pending navigations. Status: ok
[1773332947.176][INFO]: [1d88d04bd3bde031f168f5b63152518c] RESPONSE GetElementText "(1,503)"
[1773332947.176][INFO]: [1d88d04bd3bde031f168f5b63152518c] COMMAND GetElementText {
   "id": "f.07D6AA562BB646E8E62464526E4E3A93.d.5592B5938D311408C23C1E5CD9B6C56F.e.1196"
}
[1773332947.176][INFO]: Waiting for pending navigations...
[1773332947.176][INFO]: Done waiting for pending navigations. Status: ok
[1773332947.178][INFO]: Waiting for pending navigations...
[1773332947.178][INFO]: Done waiting for pending navigations. Status: ok
[1773332947.178][INFO]: [1d88d04bd3bde031f168f5b63152518c] RESPONSE GetElementText "(1,178)"
[1773332947.178][INFO]: [1d88d04bd3bde031f168f5b63152518c] COMMAND GetElementText {
   "id": "f.07D6AA562BB646E8E62464526E4E3A93.d.5592B5938D311408C23C1E5CD9B6C56F.e.1197"
}
[1773332947.178][INFO]: Waiting for pending navigations...
[1773332947.179][INFO]: Done waiting for pending navigations. Status: ok
[1773332947.180][INFO]: Waiting for pending navigations...
[1773332947.180][INFO]: Done waiting for pending navigations. Status: ok
[1773332947.180][INFO]: [1d88d04bd3bde031f168f5b63152518c] RESPONSE GetElementText "(254)"
[1773332947.181][INFO]: [1d88d04bd3bde031f168f5b63152518c] COMMAND GetElementText {
   "id": "f.07D6AA562BB646E8E62464526E4E3A93.d.5592B5938D311408C23C1E5CD9B6C56F.e.1198"
}
[1773332947.181][INFO]: Waiting for pending navigations...
[1773332947.181][INFO]: Done waiting for pending navigations. Status: ok
[1773332947.182][INFO]: Waiting for pending navigations...
[1773332947.183][INFO]: Done waiting for pending navigations. Status: ok
[1773332947.183][INFO]: [1d88d04bd3bde031f168f5b63152518c] RESPONSE GetElementText "(458)"
[1773332947.183][INFO]: [1d88d04bd3bde031f168f5b63152518c] COMMAND GetElementText {
   "id": "f.07D6AA562BB646E8E62464526E4E3A93.d.5592B5938D311408C23C1E5CD9B6C56F.e.1199"
}
[1773332947.183][INFO]: Waiting for pending navigations...
[1773332947.183][INFO]: Done waiting for pending navigations. Status: ok
[1773332947.185][INFO]: Waiting for pending navigations...
[1773332947.186][INFO]: Done waiting for pending navigations. Status: ok
[1773332947.186][INFO]: [1d88d04bd3bde031f168f5b63152518c] RESPONSE GetElementText "(565)"
[1773332947.186][INFO]: [1d88d04bd3bde031f168f5b63152518c] COMMAND GetElementText {
   "id": "f.07D6AA562BB646E8E62464526E4E3A93.d.5592B5938D311408C23C1E5CD9B6C56F.e.1200"
}
[1773332947.186][INFO]: Waiting for pending navigations...
[1773332947.186][INFO]: Done waiting for pending navigations. Status: ok
[1773332947.188][INFO]: Waiting for pending navigations...
[1773332947.188][INFO]: Done waiting for pending navigations. Status: ok
[1773332947.188][INFO]: [1d88d04bd3bde031f168f5b63152518c] RESPONSE GetElementText "(12)"
[1773332947.189][INFO]: [1d88d04bd3bde031f168f5b63152518c] COMMAND GetElementText {
   "id": "f.07D6AA562BB646E8E62464526E4E3A93.d.5592B5938D311408C23C1E5CD9B6C56F.e.1201"
}
[1773332947.189][INFO]: Waiting for pending navigations...
[1773332947.189][INFO]: Done waiting for pending navigations. Status: ok
[1773332947.190][INFO]: Waiting for pending navigations...
[1773332947.190][INFO]: Done waiting for pending navigations. Status: ok
[1773332947.190][INFO]: [1d88d04bd3bde031f168f5b63152518c] RESPONSE GetElementText "(361)"
[1773332947.191][INFO]: [1d88d04bd3bde031f168f5b63152518c] COMMAND GetElementText {
   "id": "f.07D6AA562BB646E8E62464526E4E3A93.d.5592B5938D311408C23C1E5CD9B6C56F.e.1202"
}
[1773332947.191][INFO]: Waiting for pending navigations...
[1773332947.191][INFO]: Done waiting for pending navigations. Status: ok
[1773332947.193][INFO]: Waiting for pending navigations...
[1773332947.193][INFO]: Done waiting for pending navigations. Status: ok
[1773332947.193][INFO]: [1d88d04bd3bde031f168f5b63152518c] RESPONSE GetElementText "(423)"
[1773332947.193][INFO]: [1d88d04bd3bde031f168f5b63152518c] COMMAND GetElementText {
   "id": "f.07D6AA562BB646E8E62464526E4E3A93.d.5592B5938D311408C23C1E5CD9B6C56F.e.1203"
}
[1773332947.193][INFO]: Waiting for pending navigations...
[1773332947.193][INFO]: Done waiting for pending navigations. Status: ok
[1773332947.195][INFO]: Waiting for pending navigations...
[1773332947.195][INFO]: Done waiting for pending navigations. Status: ok
[1773332947.195][INFO]: [1d88d04bd3bde031f168f5b63152518c] RESPONSE GetElementText "(209)"
[1773332947.195][INFO]: [1d88d04bd3bde031f168f5b63152518c] COMMAND GetElementText {
   "id": "f.07D6AA562BB646E8E62464526E4E3A93.d.5592B5938D311408C23C1E5CD9B6C56F.e.1204"
}
[1773332947.195][INFO]: Waiting for pending navigations...
[1773332947.195][INFO]: Done waiting for pending navigations. Status: ok
[1773332947.197][INFO]: Waiting for pending navigations...
[1773332947.197][INFO]: Done waiting for pending navigations. Status: ok
[1773332947.197][INFO]: [1d88d04bd3bde031f168f5b63152518c] RESPONSE GetElementText "(17)"
[1773332947.198][INFO]: [1d88d04bd3bde031f168f5b63152518c] COMMAND GetElementText {
   "id": "f.07D6AA562BB646E8E62464526E4E3A93.d.5592B5938D311408C23C1E5CD9B6C56F.e.1205"
}
[1773332947.198][INFO]: Waiting for pending navigations...
[1773332947.198][INFO]: Done waiting for pending navigations. Status: ok
[1773332947.199][INFO]: Waiting for pending navigations...
[1773332947.199][INFO]: Done waiting for pending navigations. Status: ok
[1773332947.199][INFO]: [1d88d04bd3bde031f168f5b63152518c] RESPONSE GetElementText "(786)"
[1773332947.200][INFO]: [1d88d04bd3bde031f168f5b63152518c] COMMAND GetElementText {
   "id": "f.07D6AA562BB646E8E62464526E4E3A93.d.5592B5938D311408C23C1E5CD9B6C56F.e.1206"
}
[1773332947.200][INFO]: Waiting for pending navigations...
[1773332947.200][INFO]: Done waiting for pending navigations. Status: ok
[1773332947.202][INFO]: Waiting for pending navigations...
[1773332947.202][INFO]: Done waiting for pending navigations. Status: ok
[1773332947.202][INFO]: [1d88d04bd3bde031f168f5b63152518c] RESPONSE GetElementText "(306)"
[1773332947.204][INFO]: [1d88d04bd3bde031f168f5b63152518c] COMMAND CloseWindow {
}
[1773332947.330][INFO]: [1d88d04bd3bde031f168f5b63152518c] RESPONSE CloseWindow [  ]
